Dive Time (s)	Depth (m)	PPO2 - Setpoint (Bar)	PPO2 - C1 Cell 1 (Bar)	PPO2 - C1 Cell 2 (Bar)	PPO2 - C1 Cell 3 (Bar)	PPO2 - C1 Measured (Bar)	PPO2 - C2 Cell 1 (Bar)	PPO2 - C2 Cell 2 (Bar)	PPO2 - C2 Cell 3 (Bar)	PPO2 - C2 Measured (Bar)	C1 Battery 1 (Volts)	C1 Battery 2 (Volts)	C2 Battery 1 (Volts)	C2 Battery 2 (Volts)	Ambient Temp. (Celsius)	OTU Exposure (%)	CNS Exposure (%)	Deco Ceiling (m)	Gradient Factor
0	0.0	0.70	0.81	0.84	0.76	0.82	0.81	0.84	0.77	0.82	5.35	5.47	5.33	5.47	19.80	0.0	0.0	0.0	0.00
0	1.2	0.70	0.71	0.70	0.68	0.70	0.71	0.70	0.69	0.71	5.28	5.47	5.25	5.47	19.80	0.0	0.0	0.0	0.00
0	0.0	0.70	0.71	0.70	0.68	0.70	0.71	0.70	0.69	0.71	5.28	5.47	5.25	5.47	19.80	0.0	0.0	0.0	0.00
0	1.2	0.70	0.71	0.70	0.68	0.70	0.71	0.70	0.69	0.71	5.28	5.47	5.25	5.47	16.20	0.0	0.0	0.0	0.00
0	1.2	0.70	0.71	0.70	0.68	0.70	0.71	0.70	0.69	0.71	5.28	5.47	5.25	5.47	16.20	0.0	0.0	0.0	85.00
10	1.6	0.70	0.72	0.72	0.70	0.72	0.72	0.72	0.70	0.72	5.28	5.47	5.25	5.47	16.20	0.0	0.0	0.0	85.00
20	1.6	0.70	0.71	0.70	0.68	0.70	0.71	0.70	0.69	0.71	5.28	5.47	5.25	5.47	16.20	0.0	0.0	0.0	85.00
30	1.7	0.70	0.71	0.69	0.68	0.69	0.71	0.69	0.69	0.69	5.28	5.47	5.25	5.47	16.20	0.0	0.0	0.0	85.00
40	1.8	0.70	0.68	0.66	0.64	0.68	0.68	0.66	0.65	0.66	5.28	5.47	5.25	5.47	16.20	0.0	0.0	0.0	85.00
50	1.6	0.70	0.68	0.66	0.64	0.68	0.68	0.66	0.65	0.66	5.28	5.47	5.25	5.47	16.20	0.0	0.0	0.0	85.00
60	2.4	0.70	0.69	0.69	0.67	0.69	0.69	0.69	0.68	0.69	5.28	5.47	5.25	5.47	15.80	0.0	0.0	0.0	85.00
70	3.5	0.70	0.69	0.69	0.68	0.69	0.69	0.69	0.69	0.69	5.28	5.47	5.25	5.47	15.80	0.0	0.0	0.0	85.00
80	4.2	0.70	0.72	0.70	0.70	0.70	0.72	0.70	0.70	0.70	5.28	5.47	5.25	5.47	15.80	0.0	0.0	0.0	85.00
90	4.0	0.70	0.71	0.70	0.68	0.70	0.71	0.70	0.68	0.70	5.28	5.47	5.25	5.47	15.80	0.0	0.0	0.0	85.00
100	4.3	0.70	0.65	0.63	0.62	0.63	0.67	0.63	0.63	0.63	5.28	5.47	5.25	5.47	15.80	0.0	0.0	0.0	85.00
110	4.4	0.70	0.71	0.67	0.66	0.67	0.71	0.67	0.67	0.67	5.28	5.47	5.25	5.47	15.80	0.0	0.0	0.0	85.00
120	4.5	0.70	0.69	0.67	0.66	0.67	0.69	0.67	0.67	0.67	5.28	5.47	5.25	5.47	15.40	0.0	0.0	0.0	85.00
130	4.9	0.70	0.69	0.69	0.68	0.69	0.69	0.69	0.69	0.69	5.28	5.47	5.25	5.47	15.40	0.0	0.0	0.0	85.00
140	4.5	0.70	0.71	0.69	0.68	0.69	0.71	0.69	0.68	0.69	5.28	5.47	5.25	5.47	15.40	0.0	0.0	0.0	85.00
150	4.2	0.70	0.71	0.69	0.67	0.68	0.71	0.69	0.68	0.69	5.28	5.47	5.25	5.47	15.40	0.0	0.0	0.0	85.00
160	4.5	0.70	0.71	0.70	0.68	0.70	0.71	0.70	0.68	0.70	5.28	5.47	5.25	5.47	15.40	0.0	0.0	0.0	85.00
170	4.8	0.70	0.72	0.72	0.70	0.72	0.72	0.72	0.70	0.72	5.28	5.47	5.25	5.47	15.40	0.0	0.0	0.0	85.00
180	4.8	0.70	0.69	0.67	0.66	0.67	0.69	0.67	0.67	0.67	5.28	5.47	5.25	5.47	15.20	0.0	0.0	0.0	85.00
190	4.6	0.70	0.68	0.67	0.66	0.68	0.68	0.67	0.67	0.67	5.28	5.47	5.25	5.47	15.20	0.0	0.0	0.0	85.00
200	4.9	0.70	0.69	0.67	0.66	0.67	0.69	0.67	0.67	0.67	5.28	5.47	5.25	5.47	15.20	0.0	0.0	0.0	85.00
210	4.9	0.70	0.69	0.69	0.67	0.69	0.69	0.69	0.68	0.69	5.28	5.47	5.25	5.47	15.20	0.0	0.0	0.0	85.00
220	5.1	0.70	0.69	0.70	0.68	0.69	0.71	0.70	0.69	0.71	5.28	5.47	5.25	5.47	15.20	0.0	0.0	0.0	85.00
230	5.0	0.70	0.69	0.69	0.67	0.69	0.69	0.69	0.68	0.69	5.28	5.47	5.25	5.47	15.20	0.0	0.0	0.0	85.00
240	5.3	0.70	0.72	0.72	0.70	0.72	0.72	0.72	0.70	0.72	5.28	5.47	5.25	5.47	14.90	0.0	0.0	0.0	85.00
250	5.6	0.70	0.71	0.70	0.70	0.70	0.71	0.70	0.69	0.71	5.28	5.47	5.25	5.47	14.90	0.0	0.0	0.0	85.00
260	5.6	0.70	0.68	0.66	0.66	0.66	0.68	0.66	0.67	0.68	5.28	5.47	5.25	5.47	14.90	0.0	0.0	0.0	85.00
270	5.2	0.70	0.68	0.67	0.66	0.68	0.68	0.67	0.67	0.67	5.28	5.47	5.25	5.47	14.90	0.0	0.0	0.0	85.00
280	4.9	0.70	0.69	0.67	0.66	0.67	0.69	0.67	0.67	0.67	5.28	5.47	5.25	5.47	14.90	0.0	0.0	0.0	85.00
290	4.9	0.70	0.69	0.67	0.66	0.67	0.69	0.67	0.67	0.67	5.28	5.47	5.25	5.47	14.90	0.0	0.0	0.0	85.00
300	4.7	0.70	0.68	0.67	0.67	0.67	0.68	0.69	0.67	0.69	5.28	5.47	5.25	5.47	14.70	0.0	0.0	0.0	85.00
310	4.9	0.70	0.69	0.69	0.67	0.69	0.69	0.69	0.68	0.69	5.28	5.47	5.25	5.47	14.70	0.0	0.0	0.0	85.00
320	4.9	0.70	0.68	0.67	0.67	0.67	0.68	0.67	0.68	0.68	5.28	5.47	5.25	5.47	14.70	0.0	0.0	0.0	85.00
330	5.2	0.70	0.71	0.70	0.68	0.70	0.71	0.69	0.69	0.69	5.28	5.47	5.25	5.47	14.70	0.0	0.0	0.0	85.00
340	5.6	0.70	0.71	0.70	0.70	0.70	0.71	0.70	0.70	0.70	5.28	5.47	5.25	5.47	14.70	0.0	0.0	0.0	85.00
350	5.6	0.70	1.20	1.25	1.18	1.19	1.20	1.25	1.19	1.19	5.28	5.47	5.25	5.47	14.70	0.0	0.0	0.0	85.00
360	5.6	0.70	1.44	1.46	1.43	1.44	1.44	1.46	1.44	1.44	5.28	5.47	5.25	5.47	14.60	1.0	1.0	0.0	85.00
370	5.4	0.70	1.41	1.41	1.41	1.41	1.41	1.41	1.43	1.41	5.28	5.47	5.25	5.47	14.60	1.0	1.0	0.0	85.00
380	5.8	0.70	0.61	0.58	0.63	0.62	0.62	0.58	0.64	0.63	5.28	5.47	5.25	5.47	14.60	1.0	1.0	0.0	85.00
390	6.0	0.70	0.85	0.81	0.78	0.80	0.85	0.81	0.79	0.80	5.28	5.47	5.25	5.47	14.60	1.0	1.0	0.0	85.00
400	6.3	0.70	0.74	0.73	0.73	0.73	0.74	0.73	0.74	0.74	5.28	5.47	5.25	5.47	14.60	1.0	1.0	0.0	85.00
410	6.6	0.70	0.75	0.74	0.73	0.75	0.75	0.74	0.74	0.74	5.28	5.47	5.25	5.47	14.60	1.0	1.0	0.0	85.00
420	6.9	0.70	0.75	0.74	0.73	0.75	0.75	0.74	0.74	0.74	5.28	5.47	5.25	5.47	14.40	1.0	1.0	0.0	85.00
430	7.3	0.70	0.71	0.70	0.70	0.70	0.71	0.70	0.70	0.70	5.28	5.47	5.25	5.47	14.40	1.0	1.0	0.0	85.00
440	7.5	0.70	0.71	0.70	0.70	0.70	0.69	0.70	0.70	0.70	5.28	5.47	5.25	5.47	14.40	1.0	1.0	0.0	85.00
450	8.1	0.70	0.71	0.70	0.68	0.70	0.71	0.70	0.69	0.71	5.28	5.47	5.25	5.47	14.40	1.0	1.0	0.0	85.00
460	8.8	0.70	0.72	0.70	0.70	0.70	0.72	0.72	0.70	0.72	5.28	5.47	5.25	5.47	14.40	1.0	1.0	0.0	85.00
470	8.7	0.70	0.69	0.69	0.68	0.69	0.69	0.69	0.69	0.69	5.28	5.47	5.25	5.47	14.40	1.0	1.0	0.0	85.00
480	8.8	0.70	0.69	0.69	0.67	0.69	0.69	0.69	0.68	0.69	5.28	5.47	5.25	5.47	14.10	1.0	1.0	0.0	85.00
490	9.1	0.70	0.69	0.69	0.68	0.69	0.69	0.69	0.69	0.69	5.28	5.47	5.25	5.47	14.10	1.0	1.0	0.0	85.00
500	9.3	0.70	0.69	0.69	0.68	0.69	0.69	0.69	0.68	0.69	5.28	5.47	5.25	5.47	14.10	1.0	1.0	0.0	85.00
510	8.9	0.70	0.69	0.69	0.67	0.69	0.69	0.69	0.68	0.69	5.28	5.47	5.25	5.47	14.10	1.0	1.0	0.0	85.00
520	9.2	0.70	0.68	0.66	0.66	0.66	0.68	0.66	0.67	0.68	5.28	5.47	5.25	5.47	14.10	1.0	1.0	0.0	85.00
530	10.3	0.70	0.74	0.72	0.71	0.71	0.74	0.73	0.70	0.73	5.28	5.47	5.25	5.47	14.10	1.0	1.0	0.0	85.00
540	11.4	0.70	0.72	0.73	0.71	0.72	0.72	0.73	0.72	0.72	5.28	5.47	5.25	5.47	13.60	1.0	1.0	0.0	85.00
550	11.9	0.70	0.72	0.73	0.72	0.72	0.72	0.73	0.72	0.72	5.28	5.47	5.25	5.47	13.60	1.0	1.0	0.0	85.00
560	12.0	0.70	0.71	0.70	0.70	0.70	0.71	0.70	0.70	0.70	5.28	5.47	5.25	5.47	13.60	1.0	1.0	0.0	85.00
570	11.9	0.70	0.69	0.69	0.70	0.69	0.71	0.70	0.70	0.70	5.28	5.47	5.25	5.47	13.60	1.0	1.0	0.0	85.00
580	11.6	0.70	0.71	0.70	0.70	0.70	0.71	0.70	0.70	0.70	5.28	5.47	5.25	5.47	13.60	1.0	1.0	0.0	85.00
590	11.6	0.70	0.72	0.72	0.70	0.72	0.72	0.72	0.70	0.72	5.28	5.47	5.25	5.47	13.60	1.0	1.0	0.0	85.00
600	11.4	0.70	0.67	0.66	0.66	0.66	0.67	0.66	0.67	0.67	5.28	5.47	5.25	5.47	13.00	1.0	2.0	0.0	85.00
610	11.8	0.70	0.71	0.70	0.68	0.70	0.71	0.70	0.69	0.71	5.28	5.47	5.25	5.47	13.00	1.0	2.0	0.0	85.00
620	12.3	0.70	0.71	0.70	0.68	0.70	0.71	0.70	0.69	0.71	5.28	5.47	5.25	5.47	13.00	1.0	2.0	0.0	85.00
630	12.2	0.70	0.68	0.67	0.67	0.67	0.68	0.67	0.68	0.68	5.28	5.47	5.25	5.47	13.00	1.0	2.0	0.0	85.00
640	12.4	0.70	0.71	0.69	0.68	0.69	0.71	0.69	0.69	0.69	5.28	5.47	5.25	5.47	13.00	1.0	2.0	0.0	85.00
650	12.8	0.70	0.69	0.69	0.67	0.69	0.69	0.69	0.68	0.69	5.28	5.47	5.25	5.47	13.00	1.0	2.0	0.0	85.00
660	12.6	0.70	0.71	0.70	0.68	0.70	0.71	0.70	0.69	0.71	5.28	5.47	5.25	5.47	12.30	1.0	2.0	0.0	85.00
670	12.7	0.70	0.69	0.69	0.68	0.69	0.69	0.69	0.68	0.69	5.28	5.47	5.25	5.47	12.30	1.0	2.0	0.0	85.00
680	12.8	0.70	0.68	0.67	0.67	0.67	0.68	0.67	0.68	0.68	5.28	5.47	5.25	5.47	12.30	1.0	2.0	0.0	85.00
690	12.6	0.70	0.71	0.69	0.68	0.69	0.71	0.69	0.69	0.69	5.28	5.47	5.25	5.47	12.30	1.0	2.0	0.0	85.00
700	12.8	0.70	0.72	0.72	0.70	0.72	0.72	0.72	0.70	0.72	5.28	5.47	5.25	5.47	12.30	1.0	2.0	0.0	85.00
710	13.0	0.70	0.72	0.72	0.70	0.72	0.72	0.72	0.70	0.72	5.28	5.47	5.25	5.47	12.30	1.0	2.0	0.0	85.00
720	13.3	0.70	0.69	0.69	0.68	0.69	0.69	0.69	0.69	0.69	5.28	5.47	5.25	5.47	11.60	2.0	2.0	0.0	85.00
730	13.4	0.70	0.71	0.70	0.70	0.70	0.71	0.70	0.70	0.70	5.28	5.47	5.25	5.47	11.60	2.0	2.0	0.0	85.00
740	13.8	0.70	0.71	0.72	0.70	0.71	0.71	0.72	0.70	0.71	5.28	5.47	5.25	5.47	11.60	2.0	2.0	0.0	85.00
750	14.6	0.70	0.71	0.70	0.70	0.70	0.71	0.70	0.70	0.70	5.28	5.47	5.25	5.47	11.60	2.0	2.0	0.0	85.00
750	14.6	0.70	0.71	0.70	0.70	0.70	0.71	0.70	0.70	0.70	5.28	5.47	5.25	5.47	11.60	2.0	2.0	0.0	85.00
750	14.6	0.70	0.71	0.70	0.70	0.70	0.71	0.70	0.70	0.70	5.28	5.47	5.25	5.47	11.60	2.0	2.0	0.0	85.00
752	14.6	1.30	0.71	0.70	0.70	0.70	0.71	0.70	0.70	0.70	5.28	5.47	5.25	5.47	11.60	2.0	2.0	0.0	85.00
753	14.6	1.30	0.71	0.70	0.70	0.70	0.71	0.70	0.70	0.70	5.28	5.47	5.25	5.47	11.60	2.0	2.0	0.0	85.00
760	15.5	1.30	0.92	0.91	0.87	0.92	0.92	0.91	0.87	0.92	5.28	5.45	5.25	5.45	11.60	2.0	2.0	0.0	85.00
769	15.5	1.30	0.92	0.91	0.87	0.92	0.92	0.91	0.87	0.92	5.28	5.45	5.25	5.45	11.60	2.0	2.0	0.0	85.00
770	15.8	1.30	1.34	1.34	1.28	1.34	1.34	1.34	1.30	1.34	5.20	5.45	5.20	5.45	11.60	2.0	2.0	0.0	85.00
780	16.2	1.30	1.07	1.06	1.04	1.06	1.07	1.06	1.04	1.06	5.20	5.45	5.20	5.45	10.80	2.0	2.0	0.0	85.00
790	16.1	1.30	1.27	1.23	1.22	1.23	1.27	1.23	1.22	1.23	5.20	5.45	5.20	5.45	10.80	2.0	2.0	0.0	85.00
800	16.1	1.30	1.37	1.35	1.32	1.36	1.37	1.35	1.32	1.36	5.20	5.45	5.20	5.45	10.80	2.0	2.0	0.0	85.00
810	16.7	1.30	1.23	1.19	1.19	1.19	1.24	1.20	1.21	1.21	5.20	5.45	5.20	5.45	10.80	2.0	2.0	0.0	85.00
820	16.8	1.30	1.31	1.29	1.29	1.29	1.31	1.29	1.30	1.31	5.20	5.45	5.20	5.45	10.80	2.0	2.0	0.0	85.00
830	17.0	1.30	1.34	1.33	1.32	1.34	1.34	1.33	1.34	1.34	5.20	5.45	5.20	5.45	10.80	2.0	2.0	0.0	85.00
840	17.2	1.30	1.31	1.30	1.29	1.31	1.31	1.30	1.31	1.31	5.20	5.45	5.20	5.45	9.90	2.0	3.0	0.0	85.00
850	17.4	1.30	1.31	1.31	1.31	1.31	1.31	1.31	1.32	1.31	5.20	5.45	5.20	5.45	9.90	2.0	3.0	0.0	85.00
860	17.4	1.30	1.30	1.30	1.29	1.30	1.30	1.30	1.31	1.30	5.20	5.45	5.20	5.45	9.90	2.0	3.0	0.0	85.00
870	17.6	1.30	1.28	1.29	1.28	1.28	1.30	1.29	1.30	1.30	5.20	5.45	5.20	5.45	9.90	2.0	3.0	0.0	85.00
880	17.7	1.30	1.31	1.29	1.29	1.29	1.31	1.29	1.30	1.31	5.20	5.45	5.20	5.45	9.90	2.0	3.0	0.0	85.00
890	17.9	1.30	1.34	1.31	1.31	1.31	1.34	1.31	1.32	1.31	5.20	5.45	5.20	5.45	9.90	2.0	3.0	0.0	85.00
900	17.9	1.30	1.31	1.30	1.31	1.31	1.31	1.30	1.31	1.31	5.20	5.45	5.20	5.45	9.20	3.0	3.0	0.0	85.00
910	18.2	1.30	1.32	1.31	1.32	1.32	1.32	1.31	1.32	1.32	5.20	5.45	5.20	5.45	9.20	3.0	3.0	0.0	85.00
920	17.8	1.30	1.31	1.30	1.31	1.31	1.31	1.30	1.31	1.31	5.20	5.45	5.20	5.45	9.20	3.0	3.0	0.0	85.00
930	18.1	1.30	1.31	1.29	1.29	1.29	1.31	1.29	1.30	1.31	5.20	5.45	5.20	5.45	9.20	3.0	3.0	0.0	85.00
940	18.1	1.30	1.32	1.30	1.31	1.32	1.32	1.30	1.31	1.32	5.20	5.45	5.20	5.45	9.20	3.0	3.0	0.0	85.00
950	17.9	1.30	1.32	1.30	1.29	1.29	1.32	1.30	1.31	1.32	5.20	5.45	5.20	5.45	9.20	3.0	3.0	0.0	85.00
960	18.4	1.30	1.31	1.29	1.29	1.29	1.31	1.29	1.31	1.31	5.20	5.45	5.20	5.45	8.60	3.0	4.0	0.0	85.00
970	18.8	1.30	1.34	1.31	1.32	1.31	1.34	1.31	1.32	1.31	5.20	5.45	5.20	5.45	8.60	3.0	4.0	0.0	85.00
980	19.2	1.30	1.32	1.31	1.32	1.32	1.32	1.31	1.32	1.32	5.20	5.45	5.20	5.45	8.60	3.0	4.0	0.0	85.00
990	19.3	1.30	1.31	1.30	1.31	1.31	1.31	1.30	1.32	1.31	5.20	5.45	5.20	5.45	8.60	3.0	4.0	0.0	85.00
1000	19.3	1.30	1.31	1.30	1.31	1.31	1.31	1.30	1.32	1.31	5.20	5.45	5.20	5.45	8.60	3.0	4.0	0.0	85.00
1010	19.4	1.30	1.31	1.29	1.29	1.29	1.31	1.30	1.31	1.31	5.20	5.45	5.20	5.45	8.60	3.0	4.0	0.0	85.00
1020	19.8	1.30	1.32	1.30	1.31	1.32	1.32	1.30	1.32	1.32	5.20	5.45	5.20	5.45	8.20	4.0	4.0	0.0	85.00
1030	20.1	1.30	1.32	1.31	1.32	1.32	1.32	1.31	1.32	1.32	5.20	5.45	5.20	5.45	8.20	4.0	4.0	0.0	85.00
1040	20.3	1.30	1.30	1.27	1.28	1.27	1.30	1.27	1.28	1.27	5.20	5.45	5.20	5.45	8.20	4.0	4.0	0.0	85.00
1050	20.4	1.30	1.31	1.29	1.28	1.29	1.31	1.29	1.30	1.31	5.20	5.45	5.20	5.45	8.20	4.0	4.0	0.0	85.00
1060	20.7	1.30	1.32	1.30	1.29	1.29	1.32	1.30	1.31	1.32	5.20	5.45	5.20	5.45	8.20	4.0	4.0	0.0	85.00
1070	21.1	1.30	1.34	1.31	1.32	1.31	1.34	1.31	1.32	1.31	5.20	5.45	5.20	5.45	8.20	4.0	4.0	0.0	85.00
1080	21.3	1.30	1.31	1.30	1.29	1.31	1.31	1.30	1.31	1.31	5.20	5.45	5.20	5.45	7.90	4.0	5.0	0.0	85.00
1090	21.7	1.30	1.32	1.30	1.31	1.32	1.32	1.31	1.32	1.32	5.20	5.45	5.20	5.45	7.90	4.0	5.0	0.0	85.00
1100	21.9	1.30	1.32	1.31	1.32	1.32	1.32	1.31	1.32	1.32	5.20	5.45	5.20	5.45	7.90	4.0	5.0	0.0	85.00
1110	22.0	1.30	1.31	1.29	1.29	1.29	1.31	1.29	1.31	1.31	5.20	5.45	5.20	5.45	7.90	4.0	5.0	0.0	85.00
1120	22.2	1.30	1.32	1.29	1.28	1.29	1.32	1.29	1.30	1.29	5.20	5.45	5.20	5.45	7.90	4.0	5.0	0.0	85.00
1130	22.2	1.30	1.31	1.27	1.28	1.27	1.31	1.29	1.30	1.31	5.20	5.45	5.20	5.45	7.90	4.0	5.0	0.0	85.00
1140	21.9	1.30	1.32	1.30	1.29	1.29	1.32	1.30	1.30	1.30	5.20	5.45	5.20	5.45	7.70	5.0	6.0	0.0	85.00
1150	22.1	1.30	1.35	1.31	1.31	1.31	1.35	1.31	1.32	1.31	5.20	5.45	5.20	5.45	7.70	5.0	6.0	0.0	85.00
1160	22.1	1.30	1.32	1.30	1.29	1.29	1.32	1.30	1.31	1.32	5.20	5.45	5.20	5.45	7.70	5.0	6.0	0.0	85.00
1170	22.2	1.30	1.32	1.31	1.31	1.31	1.34	1.31	1.32	1.31	5.20	5.45	5.20	5.45	7.70	5.0	6.0	0.0	85.00
1180	22.5	1.30	1.31	1.30	1.29	1.31	1.31	1.30	1.31	1.31	5.20	5.45	5.20	5.45	7.70	5.0	6.0	0.0	85.00
1190	22.1	1.30	1.30	1.27	1.28	1.27	1.30	1.27	1.28	1.27	5.20	5.45	5.20	5.45	7.70	5.0	6.0	0.0	85.00
1200	22.3	1.30	1.31	1.27	1.28	1.27	1.31	1.27	1.28	1.27	5.20	5.45	5.20	5.45	7.50	5.0	6.0	0.0	85.00
1210	22.2	1.30	1.35	1.31	1.31	1.31	1.35	1.31	1.32	1.31	5.20	5.45	5.20	5.45	7.50	5.0	6.0	0.0	85.00
1220	22.0	1.30	1.30	1.27	1.27	1.27	1.30	1.27	1.28	1.27	5.20	5.45	5.20	5.45	7.50	5.0	6.0	0.0	85.00
1230	22.3	1.30	1.32	1.30	1.31	1.32	1.32	1.30	1.32	1.32	5.20	5.45	5.20	5.45	7.50	5.0	6.0	0.0	85.00
1240	22.3	1.30	1.32	1.30	1.31	1.32	1.32	1.30	1.31	1.32	5.20	5.45	5.20	5.45	7.50	5.0	6.0	0.0	85.00
1250	22.7	1.30	1.32	1.30	1.31	1.32	1.32	1.30	1.31	1.32	5.20	5.45	5.20	5.45	7.50	5.0	6.0	0.0	85.00
1260	22.8	1.30	1.32	1.30	1.31	1.32	1.32	1.30	1.31	1.32	5.20	5.45	5.20	5.45	7.30	6.0	7.0	0.0	85.00
1270	22.8	1.30	1.31	1.30	1.29	1.31	1.31	1.30	1.31	1.31	5.20	5.45	5.20	5.45	7.30	6.0	7.0	0.0	85.00
1280	22.6	1.30	1.32	1.30	1.31	1.32	1.32	1.30	1.32	1.32	5.20	5.45	5.20	5.45	7.30	6.0	7.0	0.0	85.00
1290	22.8	1.30	1.31	1.29	1.29	1.29	1.31	1.29	1.30	1.31	5.20	5.45	5.20	5.45	7.30	6.0	7.0	0.0	85.00
1300	22.7	1.30	1.32	1.30	1.31	1.32	1.32	1.30	1.32	1.32	5.20	5.45	5.20	5.45	7.30	6.0	7.0	0.0	85.00
1310	22.8	1.30	1.31	1.30	1.31	1.31	1.31	1.30	1.31	1.31	5.20	5.45	5.20	5.45	7.30	6.0	7.0	0.0	85.00
1320	23.1	1.30	1.32	1.30	1.31	1.32	1.32	1.30	1.32	1.32	5.20	5.45	5.20	5.45	7.30	6.0	7.0	0.0	85.00
1330	23.4	1.30	1.34	1.30	1.31	1.31	1.34	1.30	1.32	1.34	5.20	5.45	5.20	5.45	7.30	6.0	7.0	0.0	85.00
1340	23.5	1.30	1.32	1.29	1.31	1.31	1.32	1.30	1.31	1.32	5.20	5.45	5.20	5.45	7.30	6.0	7.0	0.0	85.00
1350	23.6	1.30	1.34	1.30	1.31	1.31	1.34	1.30	1.32	1.34	5.20	5.45	5.20	5.45	7.30	6.0	7.0	0.0	85.00
1360	24.0	1.30	1.32	1.29	1.31	1.31	1.32	1.29	1.31	1.31	5.20	5.45	5.20	5.45	7.30	6.0	7.0	0.0	85.00
1370	23.9	1.30	1.34	1.30	1.31	1.31	1.34	1.30	1.32	1.34	5.20	5.45	5.20	5.45	7.30	6.0	7.0	0.0	85.00
1380	23.8	1.30	1.31	1.27	1.28	1.27	1.31	1.27	1.30	1.31	5.20	5.45	5.20	5.45	7.10	7.0	8.0	0.0	85.00
1390	24.0	1.30	1.34	1.29	1.31	1.30	1.34	1.29	1.31	1.30	5.20	5.45	5.20	5.45	7.10	7.0	8.0	0.0	85.00
1400	24.3	1.30	1.34	1.29	1.31	1.30	1.34	1.29	1.32	1.33	5.20	5.45	5.20	5.45	7.10	7.0	8.0	0.0	85.00
1410	24.3	1.30	1.32	1.29	1.31	1.31	1.32	1.29	1.31	1.31	5.20	5.45	5.20	5.45	7.10	7.0	8.0	0.0	85.00
1420	24.5	1.30	1.32	1.27	1.29	1.28	1.32	1.27	1.31	1.31	5.20	5.45	5.20	5.45	7.10	7.0	8.0	0.0	85.00
1430	24.6	1.30	1.34	1.29	1.32	1.33	1.35	1.30	1.32	1.31	5.20	5.45	5.20	5.45	7.10	7.0	8.0	0.0	85.00
1440	24.8	1.30	1.32	1.27	1.31	1.31	1.32	1.29	1.31	1.31	5.20	5.45	5.20	5.45	7.10	7.0	8.0	0.0	85.00
1450	25.1	1.30	1.32	1.27	1.29	1.28	1.32	1.27	1.31	1.31	5.20	5.45	5.20	5.45	7.10	7.0	8.0	0.0	85.00
1460	24.9	1.30	1.34	1.27	1.31	1.33	1.34	1.27	1.31	1.33	5.20	5.45	5.20	5.45	7.10	7.0	8.0	0.0	85.00
1470	24.9	1.30	1.34	1.26	1.28	1.27	1.34	1.27	1.30	1.29	5.20	5.45	5.20	5.45	7.10	7.0	8.0	0.0	85.00
1480	25.3	1.30	1.37	1.29	1.31	1.30	1.37	1.30	1.32	1.31	5.20	5.45	5.20	5.45	7.10	7.0	8.0	0.0	85.00
1490	25.2	1.30	1.35	1.29	1.31	1.30	1.35	1.29	1.32	1.35	5.20	5.45	5.20	5.45	7.10	7.0	8.0	0.0	85.00
1500	25.0	1.30	1.31	1.26	1.28	1.27	1.31	1.26	1.30	1.31	5.20	5.45	5.20	5.45	7.00	8.0	9.0	0.0	85.00
1510	24.8	1.30	1.37	1.30	1.33	1.31	1.37	1.30	1.34	1.36	5.20	5.45	5.20	5.45	7.00	8.0	9.0	0.0	85.00
1520	24.7	1.30	1.31	1.26	1.28	1.27	1.31	1.26	1.30	1.31	5.20	5.45	5.20	5.45	7.00	8.0	9.0	0.0	85.00
1530	24.8	1.30	1.35	1.29	1.31	1.30	1.35	1.29	1.32	1.35	5.20	5.45	5.20	5.45	7.00	8.0	9.0	0.0	85.00
1540	24.9	1.30	1.35	1.29	1.31	1.30	1.34	1.29	1.31	1.30	5.20	5.45	5.20	5.45	7.00	8.0	9.0	0.0	85.00
1550	24.7	1.30	1.34	1.27	1.29	1.28	1.34	1.27	1.31	1.33	5.20	5.45	5.20	5.45	7.00	8.0	9.0	0.0	85.00
1560	24.5	1.30	1.37	1.30	1.31	1.31	1.37	1.30	1.32	1.31	5.20	5.45	5.20	5.45	7.00	8.0	10.0	0.0	85.00
1570	24.4	1.30	1.31	1.26	1.28	1.27	1.31	1.26	1.30	1.31	5.20	5.45	5.20	5.45	7.00	8.0	10.0	0.0	85.00
1580	24.3	1.30	1.34	1.29	1.31	1.30	1.34	1.29	1.32	1.33	5.20	5.45	5.20	5.45	7.00	8.0	10.0	0.0	85.00
1590	24.3	1.30	1.35	1.29	1.29	1.29	1.35	1.29	1.31	1.30	5.20	5.45	5.20	5.45	7.00	8.0	10.0	0.0	85.00
1600	23.8	1.30	1.31	1.26	1.28	1.27	1.31	1.26	1.28	1.27	5.20	5.45	5.20	5.45	7.00	8.0	10.0	0.0	85.00
1610	23.4	1.30	1.37	1.33	1.33	1.33	1.37	1.33	1.34	1.34	5.20	5.45	5.20	5.45	7.00	8.0	10.0	0.0	85.00
1620	23.2	1.30	1.32	1.27	1.29	1.28	1.32	1.27	1.30	1.31	5.20	5.45	5.20	5.45	7.00	9.0	10.0	0.0	85.00
1630	23.3	1.30	1.32	1.27	1.29	1.28	1.32	1.27	1.30	1.31	5.20	5.45	5.20	5.45	7.00	9.0	10.0	0.0	85.00
1640	23.1	1.30	1.34	1.29	1.29	1.29	1.34	1.29	1.31	1.30	5.20	5.45	5.20	5.45	7.00	9.0	10.0	0.0	85.00
1650	23.3	1.30	1.32	1.27	1.29	1.28	1.32	1.29	1.30	1.29	5.20	5.45	5.20	5.45	7.00	9.0	10.0	0.0	85.00
1660	23.7	1.30	1.35	1.31	1.31	1.31	1.35	1.31	1.32	1.31	5.20	5.45	5.20	5.45	7.00	9.0	10.0	0.0	85.00
1670	23.9	1.30	1.32	1.29	1.29	1.29	1.32	1.30	1.30	1.30	5.20	5.45	5.20	5.45	7.00	9.0	10.0	0.0	85.00
1680	23.8	1.30	1.34	1.30	1.31	1.31	1.34	1.31	1.32	1.31	5.20	5.45	5.20	5.45	7.00	9.0	11.0	0.0	85.00
1690	23.8	1.30	1.34	1.31	1.31	1.31	1.34	1.31	1.32	1.31	5.20	5.45	5.20	5.45	7.00	9.0	11.0	0.0	85.00
1700	23.6	1.30	1.32	1.30	1.29	1.29	1.32	1.30	1.31	1.32	5.20	5.45	5.20	5.45	7.00	9.0	11.0	0.0	85.00
1710	23.4	1.30	1.31	1.30	1.29	1.31	1.31	1.30	1.31	1.31	5.20	5.45	5.20	5.45	7.00	9.0	11.0	0.0	85.00
1720	23.2	1.30	1.34	1.33	1.32	1.34	1.35	1.33	1.32	1.33	5.20	5.45	5.20	5.45	7.00	9.0	11.0	0.0	85.00
1730	23.2	1.30	1.35	1.34	1.33	1.35	1.35	1.34	1.34	1.34	5.20	5.45	5.20	5.45	7.00	9.0	11.0	0.0	85.00
1740	22.9	1.30	1.34	1.31	1.29	1.30	1.34	1.31	1.31	1.31	5.20	5.45	5.20	5.45	7.00	10.0	11.0	0.0	85.00
1750	22.5	1.30	1.30	1.27	1.27	1.27	1.30	1.29	1.28	1.30	5.20	5.45	5.20	5.45	7.00	10.0	11.0	0.0	85.00
1760	22.5	1.30	1.31	1.29	1.28	1.29	1.31	1.29	1.28	1.29	5.20	5.45	5.20	5.45	7.00	10.0	11.0	0.0	85.00
1770	22.5	1.30	1.31	1.29	1.27	1.31	1.31	1.29	1.28	1.29	5.20	5.45	5.20	5.45	7.00	10.0	11.0	0.0	85.00
1780	22.5	1.30	1.35	1.34	1.32	1.35	1.35	1.34	1.34	1.34	5.20	5.45	5.20	5.45	7.00	10.0	11.0	0.0	85.00
1790	22.6	1.30	1.32	1.29	1.28	1.29	1.32	1.30	1.30	1.30	5.20	5.45	5.20	5.45	7.00	10.0	11.0	0.0	85.00
1800	22.5	1.30	1.32	1.30	1.29	1.29	1.32	1.30	1.30	1.30	5.20	5.45	5.20	5.45	7.00	10.0	12.0	0.0	85.00
1810	22.5	1.30	1.31	1.29	1.28	1.29	1.31	1.30	1.28	1.31	5.20	5.45	5.20	5.45	7.00	10.0	12.0	0.0	85.00
1820	22.5	1.30	1.31	1.29	1.27	1.31	1.31	1.29	1.28	1.29	5.20	5.45	5.20	5.45	7.00	10.0	12.0	0.0	85.00
1830	22.6	1.30	1.34	1.30	1.28	1.29	1.34	1.30	1.30	1.30	5.20	5.45	5.20	5.45	7.00	10.0	12.0	0.0	85.00
1840	22.4	1.30	1.32	1.30	1.28	1.32	1.32	1.30	1.30	1.30	5.20	5.45	5.20	5.45	7.00	10.0	12.0	0.0	85.00
1850	22.5	1.30	1.32	1.30	1.28	1.32	1.32	1.30	1.28	1.32	5.20	5.45	5.20	5.45	7.00	10.0	12.0	0.0	85.00
1860	22.9	1.30	1.34	1.31	1.29	1.30	1.34	1.31	1.31	1.31	5.20	5.45	5.20	5.45	7.00	11.0	12.0	0.0	85.00
1870	22.4	1.30	1.32	1.30	1.27	1.31	1.32	1.30	1.28	1.32	5.20	5.45	5.20	5.45	7.00	11.0	12.0	0.0	85.00
1880	22.8	1.30	1.31	1.29	1.26	1.30	1.31	1.29	1.27	1.31	5.20	5.45	5.20	5.45	7.00	11.0	12.0	0.0	85.00
1890	22.6	1.30	1.30	1.27	1.26	1.27	1.31	1.27	1.27	1.27	5.20	5.45	5.20	5.45	7.00	11.0	12.0	0.0	85.00
1900	22.5	1.30	1.32	1.29	1.27	1.28	1.32	1.29	1.27	1.28	5.20	5.45	5.20	5.45	7.00	11.0	12.0	0.0	85.00
1910	22.4	1.30	1.32	1.29	1.27	1.28	1.32	1.29	1.28	1.29	5.20	5.45	5.20	5.45	7.00	11.0	12.0	0.0	85.00
1920	21.9	1.30	1.35	1.31	1.28	1.29	1.35	1.31	1.28	1.29	5.20	5.45	5.20	5.45	7.00	11.0	13.0	0.0	85.00
1930	22.0	1.30	1.35	1.33	1.29	1.34	1.37	1.33	1.30	1.31	5.20	5.45	5.20	5.45	7.00	11.0	13.0	0.0	85.00
1940	20.8	1.30	1.35	1.30	1.27	1.29	1.35	1.30	1.28	1.29	5.20	5.45	5.20	5.45	7.00	11.0	13.0	0.0	85.00
1950	21.1	1.30	1.34	1.30	1.27	1.29	1.34	1.30	1.27	1.29	5.20	5.45	5.20	5.45	7.00	11.0	13.0	0.0	85.00
1960	21.1	1.30	1.34	1.30	1.28	1.29	1.34	1.30	1.28	1.29	5.20	5.45	5.20	5.45	7.00	11.0	13.0	0.0	85.00
1970	21.1	1.30	1.32	1.30	1.27	1.31	1.32	1.30	1.28	1.32	5.20	5.45	5.20	5.45	7.00	11.0	13.0	0.0	85.00
1980	20.8	1.30	1.31	1.29	1.26	1.30	1.31	1.30	1.27	1.31	5.20	5.45	5.20	5.45	7.00	12.0	13.0	0.0	85.00
1990	20.6	1.30	1.30	1.27	1.24	1.30	1.30	1.27	1.26	1.27	5.20	5.45	5.20	5.45	7.00	12.0	13.0	0.0	85.00
2000	20.7	1.30	1.34	1.31	1.27	1.33	1.34	1.31	1.28	1.34	5.20	5.45	5.20	5.45	7.00	12.0	13.0	0.0	85.00
2010	20.5	1.30	1.32	1.29	1.26	1.32	1.32	1.29	1.27	1.28	5.20	5.45	5.20	5.45	7.00	12.0	13.0	0.0	85.00
2020	19.9	1.30	1.32	1.30	1.26	1.31	1.32	1.30	1.27	1.31	5.20	5.45	5.20	5.45	7.00	12.0	13.0	0.0	85.00
2030	20.5	1.30	1.31	1.29	1.26	1.30	1.31	1.29	1.27	1.31	5.20	5.45	5.20	5.45	7.00	12.0	13.0	0.0	85.00
2040	20.7	1.30	1.32	1.31	1.27	1.31	1.32	1.31	1.28	1.31	5.20	5.45	5.20	5.45	7.00	12.0	14.0	0.0	85.00
2050	20.6	1.30	1.30	1.27	1.24	1.30	1.30	1.27	1.26	1.27	5.20	5.45	5.20	5.45	7.00	12.0	14.0	0.0	85.00
2060	20.1	1.30	1.32	1.30	1.28	1.32	1.32	1.30	1.28	1.32	5.20	5.45	5.20	5.45	7.00	12.0	14.0	0.0	85.00
2070	19.6	1.30	1.28	1.26	1.23	1.27	1.28	1.26	1.25	1.25	5.20	5.45	5.20	5.45	7.00	12.0	14.0	0.0	85.00
2080	19.3	1.30	1.28	1.23	1.20	1.21	1.28	1.23	1.22	1.23	5.20	5.45	5.20	5.45	7.00	12.0	14.0	0.0	85.00
2090	19.0	1.30	1.34	1.29	1.24	1.34	1.34	1.29	1.26	1.27	5.20	5.45	5.20	5.45	7.00	12.0	14.0	0.0	85.00
2100	18.7	1.30	1.31	1.27	1.23	1.31	1.31	1.27	1.25	1.26	5.20	5.45	5.20	5.45	7.00	13.0	15.0	0.0	85.00
2110	18.3	1.30	1.30	1.27	1.22	1.29	1.30	1.27	1.23	1.29	5.20	5.45	5.20	5.45	7.00	13.0	15.0	0.0	85.00
2120	18.5	1.30	1.31	1.30	1.26	1.31	1.31	1.30	1.27	1.31	5.20	5.45	5.20	5.45	7.00	13.0	15.0	0.0	85.00
2130	18.9	1.30	1.30	1.27	1.24	1.30	1.30	1.29	1.26	1.29	5.20	5.45	5.20	5.45	7.00	13.0	15.0	0.0	85.00
2140	18.4	1.30	1.28	1.27	1.23	1.27	1.28	1.27	1.25	1.27	5.20	5.45	5.20	5.45	7.00	13.0	15.0	0.0	85.00
2150	18.1	1.30	1.30	1.27	1.23	1.29	1.30	1.27	1.25	1.26	5.20	5.45	5.20	5.45	7.00	13.0	15.0	0.0	85.00
2160	18.1	1.30	1.28	1.27	1.23	1.27	1.28	1.27	1.25	1.27	5.20	5.45	5.20	5.45	7.00	13.0	15.0	0.0	85.00
2170	17.6	1.30	1.28	1.26	1.22	1.27	1.28	1.26	1.23	1.27	5.20	5.45	5.20	5.45	7.00	13.0	15.0	0.0	85.00
2180	17.2	1.30	1.30	1.29	1.24	1.29	1.31	1.29	1.25	1.30	5.20	5.45	5.20	5.45	7.00	13.0	15.0	0.0	85.00
2190	16.9	1.30	1.31	1.29	1.23	1.30	1.31	1.29	1.25	1.30	5.20	5.45	5.20	5.45	7.00	13.0	15.0	0.0	85.00
2200	16.3	1.30	1.31	1.30	1.26	1.31	1.31	1.31	1.26	1.31	5.20	5.45	5.20	5.45	7.00	13.0	15.0	0.0	85.00
2210	16.0	1.30	1.31	1.29	1.24	1.30	1.31	1.29	1.26	1.30	5.20	5.45	5.20	5.45	7.00	13.0	15.0	0.0	85.00
2220	15.8	1.30	1.24	1.23	1.19	1.23	1.24	1.23	1.21	1.23	5.20	5.45	5.20	5.45	7.10	14.0	16.0	0.0	85.00
2230	15.6	1.30	1.30	1.29	1.23	1.29	1.30	1.29	1.25	1.29	5.20	5.45	5.20	5.45	7.10	14.0	16.0	0.0	85.00
2240	15.6	1.30	1.30	1.27	1.23	1.29	1.30	1.27	1.25	1.26	5.20	5.45	5.20	5.45	7.10	14.0	16.0	0.0	85.00
2250	15.2	1.30	1.28	1.27	1.23	1.27	1.28	1.29	1.25	1.29	5.20	5.45	5.20	5.45	7.10	14.0	16.0	0.0	85.00
2250	15.2	1.30	1.28	1.27	1.23	1.27	1.28	1.29	1.25	1.29	5.20	5.45	5.20	5.45	7.10	14.0	16.0	0.0	85.00
2250	15.2	1.30	1.28	1.27	1.23	1.27	1.28	1.29	1.25	1.29	5.20	5.45	5.20	5.45	7.10	14.0	16.0	0.0	85.00
2251	15.2	1.30	1.28	1.27	1.23	1.27	1.28	1.29	1.25	1.29	5.20	5.45	5.20	5.45	7.10	14.0	16.0	0.0	85.00
2260	14.9	1.30	1.28	1.29	1.23	1.29	1.28	1.29	1.25	1.29	5.17	5.45	5.17	5.45	7.10	14.0	16.0	0.0	85.00
2270	13.6	1.30	1.27	1.27	1.22	1.27	1.27	1.27	1.23	1.27	5.13	5.45	5.13	5.45	7.10	14.0	16.0	0.0	85.00
2270	13.6	1.30	1.27	1.27	1.22	1.27	1.27	1.27	1.23	1.27	5.13	5.45	5.13	5.45	7.10	14.0	16.0	0.0	85.00
2270	13.6	1.30	1.27	1.27	1.22	1.27	1.27	1.27	1.23	1.27	5.13	5.45	5.13	5.45	7.10	14.0	16.0	0.0	85.00
2280	14.0	1.30	1.28	1.27	1.22	1.27	1.28	1.27	1.23	1.27	5.13	5.45	5.13	5.45	7.30	14.0	16.0	0.0	85.00
2280	14.0	0.70	1.28	1.27	1.22	1.27	1.28	1.27	1.23	1.27	5.13	5.45	5.13	5.45	7.30	14.0	16.0	0.0	85.00
2280	14.0	0.70	1.28	1.27	1.22	1.27	1.28	1.27	1.23	1.27	5.13	5.45	5.13	5.45	7.30	14.0	16.0	0.0	85.00
2290	13.1	0.70	1.23	1.23	1.19	1.23	1.23	1.23	1.21	1.23	5.13	5.45	5.13	5.45	7.30	14.0	16.0	0.0	85.00
2300	13.3	0.70	1.21	1.22	1.17	1.21	1.21	1.22	1.18	1.21	4.83	5.45	4.83	5.45	7.30	14.0	16.0	0.0	85.00
2300	13.3	0.70	1.21	1.22	1.17	1.21	1.21	1.22	1.18	1.21	4.83	5.45	4.83	5.45	7.30	14.0	16.0	0.0	85.00
2310	13.4	0.70	1.20	1.20	1.15	1.20	1.20	1.20	1.17	1.20	4.83	5.45	4.83	5.45	7.30	14.0	16.0	0.0	85.00
2310	13.4	0.70	1.20	1.20	1.15	1.20	1.20	1.20	1.17	1.20	4.83	5.45	4.83	5.45	7.30	14.0	16.0	0.0	85.00
2310	13.4	0.70	1.20	1.20	1.15	1.20	1.20	1.20	1.17	1.20	4.83	5.45	4.83	5.45	7.30	14.0	16.0	0.0	85.00
2310	13.4	0.70	1.20	1.20	1.15	1.20	1.20	1.20	1.17	1.20	4.83	5.45	4.83	5.45	7.30	14.0	16.0	0.0	85.00
2320	13.4	0.70	1.18	1.19	1.14	1.19	1.18	1.19	1.16	1.19	4.83	5.45	4.83	5.45	7.30	14.0	16.0	0.0	85.00
2330	13.2	0.70	1.16	1.16	1.13	1.16	1.16	1.16	1.13	1.16	4.83	5.45	4.83	5.45	7.30	14.0	16.0	0.0	85.00
2340	12.8	0.70	1.13	1.14	1.10	1.13	1.13	1.14	1.10	1.13	4.83	5.45	4.83	5.45	7.60	15.0	17.0	0.0	85.00
2350	12.4	0.70	1.10	1.10	1.05	1.10	1.10	1.10	1.06	1.10	4.83	5.45	4.83	5.45	7.60	15.0	17.0	0.0	85.00
2360	12.2	0.70	1.10	1.12	1.08	1.10	1.11	1.12	1.09	1.12	4.83	5.45	4.83	5.45	7.60	15.0	17.0	0.0	85.00
2370	12.1	0.70	1.13	1.16	1.10	1.12	1.13	1.16	1.12	1.13	4.83	5.45	4.83	5.45	7.60	15.0	17.0	0.0	85.00
2380	12.1	0.70	1.17	1.18	1.13	1.17	1.17	1.18	1.14	1.17	4.83	5.45	4.83	5.45	7.60	15.0	17.0	0.0	85.00
2390	11.5	0.70	1.25	1.29	1.20	1.27	1.27	1.29	1.22	1.28	4.83	5.45	4.83	5.45	7.60	15.0	17.0	0.0	85.00
2400	11.7	0.70	1.25	1.25	1.20	1.25	1.25	1.25	1.21	1.25	4.83	5.45	4.83	5.45	8.20	15.0	17.0	0.0	85.00
2400	11.7	0.70	1.25	1.25	1.20	1.25	1.25	1.25	1.21	1.25	4.83	5.45	4.83	5.45	8.20	15.0	17.0	0.0	85.00
2400	11.7	0.70	1.25	1.25	1.20	1.25	1.25	1.25	1.21	1.25	4.83	5.45	4.83	5.45	8.20	15.0	17.0	0.0	85.00
2401	11.7	0.70	1.25	1.25	1.20	1.25	1.25	1.25	1.21	1.25	4.83	5.45	4.83	5.45	8.20	15.0	17.0	0.0	85.00
2402	11.7	0.70	1.25	1.25	1.20	1.25	1.25	1.25	1.21	1.25	4.83	5.45	4.83	5.45	8.20	15.0	17.0	0.0	85.00
2402	11.7	0.70	1.25	1.25	1.20	1.25	1.25	1.25	1.21	1.25	4.83	5.45	4.83	5.45	8.20	15.0	17.0	0.0	85.00
2402	11.7	0.70	1.25	1.25	1.20	1.25	1.25	1.25	1.21	1.25	4.83	5.45	4.83	5.45	8.20	15.0	17.0	0.0	85.00
2403	11.7	0.70	1.25	1.25	1.20	1.25	1.25	1.25	1.21	1.25	4.83	5.45	4.83	5.45	8.20	15.0	17.0	0.0	85.00
2403	11.7	0.70	1.25	1.25	1.20	1.25	1.25	1.25	1.21	1.25	4.83	5.45	4.83	5.45	8.20	15.0	17.0	0.0	85.00
2404	11.7	0.70	1.25	1.25	1.20	1.25	1.25	1.25	1.21	1.25	4.83	5.45	4.83	5.45	8.20	15.0	17.0	0.0	85.00
2410	11.5	0.70	1.18	1.19	1.14	1.19	1.18	1.19	1.16	1.19	4.83	5.45	4.83	5.45	8.20	15.0	17.0	0.0	85.00
2420	11.0	0.70	1.14	1.15	1.10	1.15	1.14	1.15	1.12	1.15	4.83	5.45	4.83	5.45	8.20	15.0	17.0	0.0	85.00
2430	11.2	0.70	1.13	1.14	1.10	1.13	1.14	1.14	1.10	1.14	4.83	5.45	4.83	5.45	8.20	15.0	17.0	0.0	85.00
2440	11.3	0.70	1.13	1.12	1.09	1.13	1.13	1.12	1.10	1.13	4.83	5.45	4.83	5.45	8.20	15.0	17.0	0.0	85.00
2450	11.2	0.70	1.10	1.10	1.06	1.10	1.10	1.11	1.08	1.11	4.83	5.45	4.83	5.45	8.20	15.0	17.0	0.0	85.00
2460	11.4	0.70	1.10	1.10	1.06	1.10	1.10	1.10	1.08	1.10	4.83	5.45	4.83	5.45	8.70	15.0	18.0	0.0	85.00
2470	11.5	0.70	1.10	1.10	1.06	1.10	1.10	1.11	1.08	1.11	4.83	5.45	4.83	5.45	8.70	15.0	18.0	0.0	85.00
2470	11.5	0.70	1.10	1.10	1.06	1.10	1.10	1.11	1.08	1.11	4.83	5.45	4.83	5.45	8.70	15.0	18.0	0.0	85.00
2470	11.5	0.70	1.10	1.10	1.06	1.10	1.10	1.11	1.08	1.11	4.83	5.45	4.83	5.45	8.70	15.0	18.0	0.0	85.00
2470	11.5	0.70	1.10	1.10	1.06	1.10	1.10	1.11	1.08	1.11	4.83	5.45	4.83	5.45	8.70	15.0	18.0	0.0	85.00
2480	11.7	0.70	1.09	1.08	1.05	1.09	1.09	1.08	1.06	1.09	4.83	5.45	4.83	5.45	8.70	15.0	18.0	0.0	85.00
2480	11.7	0.70	1.09	1.08	1.05	1.09	1.09	1.08	1.06	1.09	4.83	5.45	4.83	5.45	8.70	15.0	18.0	0.0	85.00
2480	11.7	0.70	1.09	1.08	1.05	1.09	1.09	1.08	1.06	1.09	4.83	5.45	4.83	5.45	8.70	15.0	18.0	0.0	85.00
2480	11.7	0.70	1.09	1.08	1.05	1.09	1.09	1.08	1.06	1.09	4.83	5.45	4.83	5.45	8.70	15.0	18.0	0.0	85.00
2480	11.7	0.70	1.09	1.08	1.05	1.09	1.09	1.08	1.06	1.09	4.83	5.45	4.83	5.45	8.70	15.0	18.0	0.0	85.00
2480	11.7	0.70	1.09	1.08	1.05	1.09	1.09	1.08	1.06	1.09	4.83	5.45	4.83	5.45	8.70	15.0	18.0	0.0	85.00
2480	11.7	0.70	1.09	1.08	1.05	1.09	1.09	1.08	1.06	1.09	4.83	5.45	4.83	5.45	8.70	15.0	18.0	0.0	85.00
2490	11.6	0.70	1.07	1.07	1.04	1.07	1.07	1.07	1.04	1.07	4.83	5.45	4.83	5.45	8.70	15.0	18.0	0.0	85.00
2500	11.8	0.70	1.02	1.01	0.99	1.02	1.02	1.01	1.00	1.02	4.83	5.45	4.83	5.45	8.70	15.0	18.0	0.0	85.00
2510	11.9	0.70	1.10	1.08	1.05	1.09	1.10	1.10	1.06	1.10	4.83	5.45	4.83	5.45	8.70	15.0	18.0	0.0	85.00
2520	12.2	0.70	1.03	1.03	1.00	1.03	1.03	1.03	1.01	1.03	4.83	5.45	4.83	5.45	9.00	16.0	18.0	0.0	85.00
2520	12.2	0.70	1.03	1.03	1.00	1.03	1.03	1.03	1.01	1.03	4.83	5.45	4.83	5.45	9.00	16.0	18.0	0.0	85.00
2520	12.2	0.70	1.03	1.03	1.00	1.03	1.03	1.03	1.01	1.03	4.83	5.45	4.83	5.45	9.00	16.0	18.0	0.0	85.00
2520	12.2	0.70	1.03	1.03	1.00	1.03	1.03	1.03	1.01	1.03	4.83	5.45	4.83	5.45	9.00	16.0	18.0	0.0	85.00
2521	12.2	0.70	1.03	1.03	1.00	1.03	1.03	1.03	1.01	1.03	4.83	5.45	4.83	5.45	9.00	16.0	18.0	0.0	85.00
2522	12.2	0.70	1.03	1.03	1.00	1.03	1.03	1.03	1.01	1.03	4.83	5.45	4.83	5.45	9.00	16.0	18.0	0.0	85.00
2522	12.2	0.70	1.03	1.03	1.00	1.03	1.03	1.03	1.01	1.03	4.83	5.45	4.83	5.45	9.00	16.0	18.0	0.0	85.00
2530	12.5	0.70	1.03	1.04	1.00	1.04	1.03	1.04	1.01	1.04	4.83	5.45	4.83	5.45	9.00	16.0	18.0	0.0	85.00
2540	12.2	0.70	1.02	1.03	0.99	1.02	1.02	1.03	1.00	1.02	4.83	5.45	4.83	5.45	9.00	16.0	18.0	0.0	85.00
2550	12.0	0.70	1.00	1.00	0.96	1.00	1.00	1.00	0.97	1.00	4.83	5.45	4.83	5.45	9.00	16.0	18.0	0.0	85.00
2560	11.9	0.70	0.97	0.97	0.95	0.97	0.97	0.97	0.95	0.97	4.83	5.45	4.83	5.45	9.00	16.0	18.0	0.0	85.00
2570	12.0	0.70	0.97	0.97	0.94	0.97	0.97	0.97	0.95	0.97	4.83	5.45	4.83	5.45	9.00	16.0	18.0	0.0	85.00
2580	12.0	0.70	0.99	1.01	0.96	1.00	0.99	1.01	0.97	0.99	4.83	5.45	4.83	5.45	9.30	16.0	18.0	0.0	85.00
2590	12.0	0.70	0.99	0.99	0.95	0.99	0.99	0.99	0.96	0.99	4.83	5.45	4.83	5.45	9.30	16.0	18.0	0.0	85.00
2600	12.0	0.70	0.97	0.97	0.94	0.97	0.97	0.97	0.95	0.97	4.83	5.45	4.83	5.45	9.30	16.0	18.0	0.0	85.00
2610	12.0	0.70	1.02	1.03	0.98	1.02	1.02	1.03	0.99	1.02	4.83	5.45	4.83	5.45	9.30	16.0	18.0	0.0	85.00
2610	12.0	0.70	1.02	1.03	0.98	1.02	1.02	1.03	0.99	1.02	4.83	5.45	4.83	5.45	9.30	16.0	18.0	0.0	85.00
2610	12.0	0.70	1.02	1.03	0.98	1.02	1.02	1.03	0.99	1.02	4.83	5.45	4.83	5.45	9.30	16.0	18.0	0.0	85.00
2612	12.0	0.70	1.02	1.03	0.98	1.02	1.02	1.03	0.99	1.02	4.83	5.45	4.83	5.45	9.30	16.0	18.0	0.0	85.00
2612	12.0	0.70	1.02	1.03	0.98	1.02	1.02	1.03	0.99	1.02	4.83	5.45	4.83	5.45	9.30	16.0	18.0	0.0	85.00
2620	11.7	0.70	0.96	0.96	0.92	0.96	0.96	0.96	0.94	0.96	4.83	5.45	4.83	5.45	9.30	16.0	18.0	0.0	85.00
2630	11.7	0.70	0.95	0.96	0.91	0.95	0.95	0.96	0.92	0.95	4.83	5.45	4.83	5.45	9.30	16.0	18.0	0.0	85.00
2640	11.7	0.70	1.00	1.03	0.98	0.99	1.00	1.03	0.97	1.00	4.83	5.45	4.83	5.45	9.50	17.0	19.0	0.0	85.00
2650	11.8	0.70	0.97	0.97	0.94	0.97	0.97	0.97	0.95	0.97	4.83	5.45	4.83	5.45	9.50	17.0	19.0	0.0	85.00
2660	11.9	0.70	0.96	0.96	0.92	0.96	0.96	0.96	0.94	0.96	4.83	5.45	4.83	5.45	9.50	17.0	19.0	0.0	85.00
2670	11.8	0.70	0.97	1.03	0.95	0.96	0.97	1.03	0.96	0.96	4.83	5.45	4.83	5.45	9.50	17.0	19.0	0.0	85.00
2680	12.0	0.70	0.97	0.97	0.94	0.97	0.97	0.97	0.95	0.97	4.83	5.45	4.83	5.45	9.50	17.0	19.0	0.0	85.00
2690	11.5	0.70	0.95	0.95	0.91	0.95	0.95	0.95	0.92	0.95	4.83	5.45	4.83	5.45	9.50	17.0	19.0	0.0	85.00
2700	11.3	0.70	0.93	0.93	0.90	0.93	0.93	0.95	0.91	0.94	4.83	5.45	4.83	5.45	9.70	17.0	19.0	0.0	85.00
2710	11.3	0.70	0.95	0.95	0.91	0.95	0.95	0.95	0.92	0.95	4.83	5.45	4.83	5.45	9.70	17.0	19.0	0.0	85.00
2720	10.6	0.70	0.92	0.92	0.89	0.92	0.92	0.92	0.90	0.92	4.83	5.45	4.83	5.45	9.70	17.0	19.0	0.0	85.00
2730	10.8	0.70	0.88	0.88	0.84	0.88	0.88	0.88	0.85	0.88	4.83	5.45	4.83	5.45	9.70	17.0	19.0	0.0	85.00
2740	10.6	0.70	0.90	0.93	0.89	0.90	0.90	0.93	0.88	0.89	4.83	5.45	4.83	5.45	9.70	17.0	19.0	0.0	85.00
2750	10.5	0.70	0.89	0.89	0.86	0.89	0.89	0.89	0.87	0.89	4.83	5.45	4.83	5.45	9.70	17.0	19.0	0.0	85.00
2760	10.4	0.70	0.86	0.87	0.84	0.86	0.86	0.87	0.83	0.86	4.83	5.45	4.83	5.45	9.90	17.0	19.0	0.0	85.00
2770	10.3	0.70	0.93	0.93	0.90	0.93	0.93	0.93	0.90	0.93	4.83	5.45	4.83	5.45	9.90	17.0	19.0	0.0	85.00
2780	10.2	0.70	0.89	0.91	0.86	0.90	0.89	0.91	0.87	0.89	4.83	5.45	4.83	5.45	9.90	17.0	19.0	0.0	85.00
2790	9.9	0.70	0.88	0.88	0.85	0.88	0.88	0.88	0.85	0.88	4.83	5.45	4.83	5.45	9.90	17.0	19.0	0.0	85.00
2800	9.8	0.70	0.85	0.87	0.84	0.84	0.86	0.87	0.83	0.86	4.83	5.45	4.83	5.45	9.90	17.0	19.0	0.0	85.00
2810	9.6	0.70	0.89	0.91	0.86	0.90	0.89	0.91	0.87	0.89	4.83	5.45	4.83	5.45	9.90	17.0	19.0	0.0	85.00
2820	9.5	0.70	0.88	0.89	0.85	0.89	0.88	0.91	0.86	0.87	4.83	5.45	4.83	5.45	10.20	17.0	20.0	0.0	85.00
2830	9.0	0.70	0.92	0.92	0.89	0.92	0.92	0.92	0.90	0.92	4.83	5.45	4.83	5.45	10.20	17.0	20.0	0.0	85.00
2840	9.1	0.70	1.02	1.03	0.96	1.02	1.02	1.03	0.97	1.02	4.83	5.45	4.83	5.45	10.20	17.0	20.0	0.0	85.00
2850	9.2	0.70	0.96	0.97	0.92	0.96	0.96	0.97	0.94	0.96	4.83	5.45	4.83	5.45	10.20	17.0	20.0	0.0	85.00
2860	9.1	0.70	0.93	0.95	0.90	0.94	0.93	0.95	0.91	0.94	4.83	5.45	4.83	5.45	10.20	17.0	20.0	0.0	85.00
2870	8.9	0.70	0.95	0.97	0.92	0.96	0.95	0.97	0.92	0.96	4.83	5.45	4.83	5.45	10.20	17.0	20.0	0.0	85.00
2880	8.7	0.70	0.93	0.95	0.90	0.94	0.93	0.95	0.91	0.94	4.83	5.45	4.83	5.45	10.60	18.0	20.0	0.0	85.00
2880	8.7	0.70	0.93	0.95	0.90	0.94	0.93	0.95	0.91	0.94	4.83	5.45	4.83	5.45	10.60	18.0	20.0	0.0	85.00
2883	8.7	0.70	0.93	0.95	0.90	0.94	0.93	0.95	0.91	0.94	4.83	5.45	4.83	5.45	10.60	18.0	20.0	0.0	85.00
2883	8.7	0.70	0.93	0.95	0.90	0.94	0.93	0.95	0.91	0.94	4.83	5.45	4.83	5.45	10.60	18.0	20.0	0.0	85.00
2884	8.7	0.70	0.93	0.95	0.90	0.94	0.93	0.95	0.91	0.94	4.83	5.45	4.83	5.45	10.60	18.0	20.0	0.0	85.00
2885	8.7	0.70	0.93	0.95	0.90	0.94	0.93	0.95	0.91	0.94	4.83	5.45	4.83	5.45	10.60	18.0	20.0	0.0	85.00
2890	8.7	0.70	0.93	0.93	0.90	0.93	0.93	0.95	0.91	0.94	4.83	5.45	4.83	5.45	10.60	18.0	20.0	0.0	85.00
2900	8.8	0.70	0.92	0.96	0.90	0.91	0.92	0.96	0.91	0.92	4.83	5.45	4.83	5.45	10.60	18.0	20.0	0.0	85.00
2910	8.7	0.70	0.97	0.97	0.94	0.97	0.97	0.99	0.95	0.97	4.83	5.45	4.83	5.45	10.60	18.0	20.0	0.0	85.00
2920	8.8	0.70	0.93	0.96	0.91	0.92	0.95	0.96	0.92	0.95	4.83	5.45	4.83	5.45	10.60	18.0	20.0	0.0	85.00
2930	8.1	0.70	1.00	1.03	0.98	0.99	1.00	1.04	0.99	1.00	4.83	5.45	4.83	5.45	10.60	18.0	20.0	0.0	85.00
2940	9.3	0.70	1.02	1.03	0.99	1.02	1.02	1.03	0.99	1.02	4.83	5.45	4.83	5.45	10.80	18.0	20.0	0.0	85.00
2950	8.7	0.70	0.97	0.99	0.95	0.97	0.97	0.99	0.96	0.96	4.83	5.45	4.83	5.45	10.80	18.0	20.0	0.0	85.00
2960	8.8	0.70	0.96	0.97	0.94	0.96	0.96	0.97	0.95	0.96	4.83	5.45	4.83	5.45	10.80	18.0	20.0	0.0	85.00
2970	8.9	0.70	0.97	0.99	0.94	0.98	0.97	0.99	0.95	0.97	4.83	5.45	4.83	5.45	10.80	18.0	20.0	0.0	85.00
2980	8.8	0.70	0.97	0.99	0.94	0.98	0.97	0.99	0.95	0.97	4.83	5.45	4.83	5.45	10.80	18.0	20.0	0.0	85.00
2990	8.9	0.70	0.95	0.97	0.92	0.96	0.96	0.97	0.94	0.96	4.83	5.45	4.83	5.45	10.80	18.0	20.0	0.0	85.00
3000	8.4	0.70	0.99	1.01	0.96	1.00	0.99	1.03	0.97	0.98	4.83	5.45	4.83	5.45	11.10	18.0	21.0	0.0	85.00
3010	7.2	0.70	0.93	0.93	0.90	0.93	0.93	0.93	0.91	0.93	4.83	5.45	4.83	5.45	11.10	18.0	21.0	0.0	85.00
3020	7.5	0.70	0.89	0.91	0.86	0.90	0.89	0.91	0.87	0.89	4.83	5.45	4.83	5.45	11.10	18.0	21.0	0.0	85.00
3030	6.9	0.70	0.86	0.87	0.82	0.86	0.86	0.87	0.83	0.86	4.83	5.45	4.83	5.45	11.10	18.0	21.0	0.0	85.00
3040	6.3	0.70	0.81	0.82	0.78	0.81	0.81	0.82	0.79	0.81	4.83	5.45	4.83	5.45	11.10	18.0	21.0	0.0	85.00
3050	6.1	0.70	0.78	0.80	0.76	0.78	0.78	0.80	0.77	0.78	4.83	5.45	4.83	5.45	11.10	18.0	21.0	0.0	85.00
3060	6.0	0.70	0.82	0.84	0.80	0.81	0.82	0.84	0.81	0.81	4.83	5.45	4.83	5.45	11.30	19.0	21.0	0.0	85.00
3070	6.1	0.70	1.00	1.08	0.98	0.99	1.00	1.08	0.99	1.00	4.83	5.45	4.83	5.45	11.30	19.0	21.0	0.0	85.00
3080	6.0	0.70	0.88	0.88	0.85	0.88	0.88	0.88	0.85	0.88	4.83	5.45	4.83	5.45	11.30	19.0	21.0	0.0	85.00
3090	5.7	0.70	0.85	0.88	0.84	0.84	0.86	0.88	0.83	0.87	4.83	5.45	4.83	5.45	11.30	19.0	21.0	0.0	85.00
3100	5.2	0.70	0.89	0.91	0.86	0.90	0.89	0.91	0.86	0.90	4.83	5.45	4.83	5.45	11.30	19.0	21.0	0.0	85.00
3110	5.2	0.70	0.93	0.95	0.90	0.94	0.93	0.95	0.91	0.94	4.83	5.45	4.83	5.45	11.30	19.0	21.0	0.0	85.00
3120	5.3	0.70	0.88	0.89	0.85	0.89	0.88	0.89	0.86	0.89	4.83	5.45	4.83	5.45	11.80	19.0	21.0	0.0	85.00
3130	5.3	0.70	0.86	0.88	0.84	0.86	0.86	0.88	0.85	0.85	4.83	5.45	4.83	5.45	11.80	19.0	21.0	0.0	85.00
3140	5.0	0.70	0.85	0.87	0.82	0.86	0.85	0.87	0.82	0.86	4.83	5.45	4.83	5.45	11.80	19.0	21.0	0.0	85.00
3150	4.9	0.70	0.82	0.82	0.78	0.82	0.82	0.82	0.79	0.82	4.83	5.45	4.83	5.45	11.80	19.0	21.0	0.0	85.00
3160	4.7	0.70	0.82	0.87	0.80	0.81	0.82	0.87	0.81	0.81	4.83	5.45	4.83	5.45	11.80	19.0	21.0	0.0	85.00
3170	4.7	0.70	0.82	0.84	0.80	0.81	0.82	0.84	0.81	0.81	4.83	5.45	4.83	5.45	11.80	19.0	21.0	0.0	85.00
3180	4.6	0.70	0.82	0.84	0.80	0.81	0.82	0.84	0.79	0.83	4.83	5.45	4.83	5.45	12.30	19.0	21.0	0.0	85.00
3180	4.6	0.70	0.82	0.84	0.80	0.81	0.82	0.84	0.79	0.83	4.83	5.45	4.83	5.45	12.30	19.0	21.0	0.0	85.00
3182	4.6	0.70	0.82	0.84	0.80	0.81	0.82	0.84	0.79	0.83	4.83	5.45	4.83	5.45	12.30	19.0	21.0	0.0	85.00
3182	4.6	0.70	0.82	0.84	0.80	0.81	0.82	0.84	0.79	0.83	4.83	5.45	4.83	5.45	12.30	19.0	21.0	0.0	85.00
3183	4.6	0.70	0.82	0.84	0.80	0.81	0.82	0.84	0.79	0.83	4.83	5.45	4.83	5.45	12.30	19.0	21.0	0.0	85.00
3184	4.6	0.70	0.82	0.84	0.80	0.81	0.82	0.84	0.79	0.83	4.83	5.45	4.83	5.45	12.30	19.0	21.0	0.0	85.00
3190	4.4	0.70	0.79	0.81	0.77	0.79	0.79	0.81	0.78	0.79	4.83	5.45	4.83	5.45	12.30	19.0	21.0	0.0	85.00
3200	4.2	0.70	0.88	0.92	0.86	0.87	0.88	0.92	0.86	0.87	4.83	5.45	4.83	5.45	12.30	19.0	21.0	0.0	85.00
3210	4.0	0.70	0.83	0.85	0.81	0.82	0.83	0.85	0.82	0.82	4.83	5.45	4.83	5.45	12.30	19.0	21.0	0.0	85.00
3220	4.0	0.70	0.81	0.82	0.78	0.81	0.81	0.82	0.79	0.81	4.83	5.45	4.83	5.45	12.30	19.0	21.0	0.0	85.00
3230	3.2	0.70	0.78	0.80	0.76	0.78	0.78	0.80	0.76	0.78	4.83	5.45	4.83	5.45	12.30	19.0	21.0	0.0	85.00
3240	3.5	0.70	0.76	0.78	0.75	0.76	0.78	0.78	0.76	0.78	4.83	5.45	4.83	5.45	12.80	19.0	22.0	0.0	85.00
3250	3.6	0.70	0.76	0.78	0.73	0.77	0.76	0.78	0.74	0.76	4.83	5.45	4.83	5.45	12.80	19.0	22.0	0.0	85.00
3260	3.2	0.70	0.74	0.76	0.72	0.74	0.74	0.76	0.73	0.73	4.83	5.45	4.83	5.45	12.80	19.0	22.0	0.0	85.00
3270	3.3	0.70	0.72	0.74	0.71	0.71	0.72	0.74	0.72	0.72	4.83	5.45	4.83	5.45	12.80	19.0	22.0	0.0	85.00
3280	2.2	0.70	0.75	0.77	0.73	0.75	0.75	0.77	0.74	0.75	4.83	5.45	4.83	5.45	12.80	19.0	22.0	0.0	85.00
3290	2.5	0.70	0.85	0.87	0.82	0.86	0.85	0.87	0.83	0.85	4.83	5.45	4.83	5.45	12.80	19.0	22.0	0.0	85.00
3300	1.8	0.70	0.75	0.77	0.73	0.75	0.75	0.77	0.74	0.75	4.83	5.45	4.83	5.45	13.10	20.0	22.0	0.0	85.00
3310	1.7	0.70	0.72	0.74	0.71	0.71	0.72	0.74	0.72	0.72	4.83	5.45	4.83	5.45	13.10	20.0	22.0	0.0	85.00
3320	1.6	0.70	0.71	0.73	0.70	0.70	0.71	0.73	0.69	0.71	4.83	5.45	4.83	5.45	13.10	20.0	22.0	0.0	85.00
3330	2.7	0.70	0.75	0.77	0.73	0.75	0.75	0.78	0.74	0.75	4.83	5.45	4.83	5.45	13.10	20.0	22.0	0.0	85.00
3340	1.9	0.70	0.71	0.73	0.70	0.70	0.71	0.73	0.69	0.71	4.83	5.45	4.83	5.45	13.10	20.0	22.0	0.0	85.00
3350	1.6	0.70	0.69	0.72	0.67	0.68	0.69	0.72	0.68	0.69	4.83	5.45	4.83	5.45	13.10	20.0	22.0	0.0	85.00
3350	0.0	0.70	0.69	0.72	0.67	0.68	0.69	0.72	0.68	0.69	4.83	5.45	4.83	5.45	13.10	20.0	22.0	0.0	85.00
3350	0.0	0.70	0.69	0.72	0.67	0.68	0.69	0.72	0.68	0.69	4.83	5.45	4.83	5.45	13.10	20.0	22.0	0.0	85.00
3350	0.0	0.70	0.69	0.72	0.67	0.68	0.69	0.72	0.68	0.69	4.83	5.45	4.83	5.45	13.10	20.0	22.0	0.0	85.00
3352	0.0	0.70	0.69	0.72	0.67	0.68	0.69	0.72	0.68	0.69	4.83	5.45	4.83	5.45	13.10	20.0	22.0	0.0	85.00
3352	1.2	0.70	0.78	0.81	0.75	0.78	0.78	0.81	0.76	0.77	4.83	5.45	4.83	5.45	13.40	20.0	22.0	0.0	85.00
3352	1.2	0.70	0.78	0.81	0.75	0.78	0.78	0.81	0.76	0.77	4.83	5.45	4.83	5.45	13.40	20.0	22.0	0.0	85.00
3352	0.0	0.70	0.78	0.81	0.75	0.78	0.78	0.81	0.76	0.77	4.83	5.45	4.83	5.45	13.40	20.0	22.0	0.0	85.00
3352	0.0	0.70	0.78	0.81	0.75	0.78	0.78	0.81	0.76	0.77	4.83	5.45	4.83	5.45	13.40	20.0	22.0	0.0	85.00
3352	0.0	0.70	0.78	0.81	0.75	0.78	0.78	0.81	0.76	0.77	4.83	5.45	4.83	5.45	13.40	20.0	22.0	0.0	85.00
