1,SU-10000,0023469553,2011,3,27,11,25,29,0,1214,287,67
1,SU-10000,0023469553,2011,3,27,11,25,29,10,1507,287,69
1,SU-10000,0023469553,2011,3,27,11,25,29,20,1808,287,63
1,SU-10000,0023469553,2011,3,27,11,25,29,30,2040,287,61
1,SU-10000,0023469553,2011,3,27,11,25,29,40,2178,287,58
1,SU-10000,0023469553,2011,3,27,11,25,29,50,2340,287,57
1,SU-10000,0023469553,2011,3,27,11,25,29,60,2500,287,54
1,SU-10000,0023469553,2011,3,27,11,25,29,70,2603,287,52
1,SU-10000,0023469553,2011,3,27,11,25,29,80,2631,287,50
1,SU-10000,0023469553,2011,3,27,11,25,29,90,2661,287,48
1,SU-10000,0023469553,2011,3,27,11,25,29,100,2829,287,45
1,SU-10000,0023469553,2011,3,27,11,25,29,110,3189,287,41
1,SU-10000,0023469553,2011,3,27,11,25,29,120,3436,287,37
1,SU-10000,0023469553,2011,3,27,11,25,29,130,3609,287,33
1,SU-10000,0023469553,2011,3,27,11,25,29,140,3920,287,28
1,SU-10000,0023469553,2011,3,27,11,25,29,150,4430,287,24
1,SU-10000,0023469553,2011,3,27,11,25,29,160,4711,287,20
1,SU-10000,0023469553,2011,3,27,11,25,29,170,5026,287,16
1,SU-10000,0023469553,2011,3,27,11,25,29,180,5340,287,12
1,SU-10000,0023469553,2011,3,27,11,25,29,190,5454,287,10
1,SU-10000,0023469553,2011,3,27,11,25,29,200,5487,287,09
1,SU-10000,0023469553,2011,3,27,11,25,29,210,5523,287,07
1,SU-10000,0023469553,2011,3,27,11,25,29,220,5483,287,07
1,SU-10000,0023469553,2011,3,27,11,25,29,230,5431,287,07
1,SU-10000,0023469553,2011,3,27,11,25,29,240,5440,287,05
1,SU-10000,0023469553,2011,3,27,11,25,29,250,5492,287,04
1,SU-10000,0023469553,2011,3,27,11,25,29,260,5515,287,03
1,SU-10000,0023469553,2011,3,27,11,25,29,270,5603,287,00
1,SU-10000,0023469553,2011,3,27,11,25,29,280,5626,286,99
1,SU-10000,0023469553,2011,3,27,11,25,29,290,5884,286,97
1,SU-10000,0023469553,2011,3,27,11,25,29,300,6101,286,94
1,SU-10000,0023469553,2011,3,27,11,25,29,310,6206,286,93
1,SU-10000,0023469553,2011,3,27,11,25,29,320,6183,286,93
1,SU-10000,0023469553,2011,3,27,11,25,29,330,6004,286,94
1,SU-10000,0023469553,2011,3,27,11,25,29,340,5875,286,94
1,SU-10000,0023469553,2011,3,27,11,25,29,350,5795,286,93
1,SU-10000,0023469553,2011,3,27,11,25,29,360,5742,286,94
1,SU-10000,0023469553,2011,3,27,11,25,29,370,5721,286,93
1,SU-10000,0023469553,2011,3,27,11,25,29,380,5684,286,93
1,SU-10000,0023469553,2011,3,27,11,25,29,390,5578,286,94
1,SU-10000,0023469553,2011,3,27,11,25,29,400,5277,286,95
1,SU-10000,0023469553,2011,3,27,11,25,29,410,5080,286,96
1,SU-10000,0023469553,2011,3,27,11,25,29,420,4901,286,98
1,SU-10000,0023469553,2011,3,27,11,25,29,430,4926,286,97
1,SU-10000,0023469553,2011,3,27,11,25,29,440,4954,286,97
1,SU-10000,0023469553,2011,3,27,11,25,29,450,4699,286,98
1,SU-10000,0023469553,2011,3,27,11,25,29,460,4742,286,98
1,SU-10000,0023469553,2011,3,27,11,25,29,470,4782,286,98
1,SU-10000,0023469553,2011,3,27,11,25,29,480,4847,286,96
1,SU-10000,0023469553,2011,3,27,11,25,29,490,4936,286,96
1,SU-10000,0023469553,2011,3,27,11,25,29,500,4958,286,96
1,SU-10000,0023469553,2011,3,27,11,25,29,510,4983,286,95
1,SU-10000,0023469553,2011,3,27,11,25,29,520,4942,286,96
1,SU-10000,0023469553,2011,3,27,11,25,29,530,4948,286,95
1,SU-10000,0023469553,2011,3,27,11,25,29,540,5085,286,94
1,SU-10000,0023469553,2011,3,27,11,25,29,550,5149,286,94
1,SU-10000,0023469553,2011,3,27,11,25,29,560,5098,286,94
1,SU-10000,0023469553,2011,3,27,11,25,29,570,5002,286,94
1,SU-10000,0023469553,2011,3,27,11,25,29,580,4808,286,96
1,SU-10000,0023469553,2011,3,27,11,25,29,590,4861,286,95
1,SU-10000,0023469553,2011,3,27,11,25,29,600,4956,286,94
1,SU-10000,0023469553,2011,3,27,11,25,29,610,5176,286,93
1,SU-10000,0023469553,2011,3,27,11,25,29,620,5319,286,92
1,SU-10000,0023469553,2011,3,27,11,25,29,630,5364,286,91
1,SU-10000,0023469553,2011,3,27,11,25,29,640,5402,286,91
1,SU-10000,0023469553,2011,3,27,11,25,29,650,5440,286,90
1,SU-10000,0023469553,2011,3,27,11,25,29,660,5356,286,90
1,SU-10000,0023469553,2011,3,27,11,25,29,670,5334,286,90
1,SU-10000,0023469553,2011,3,27,11,25,29,680,5244,286,92
1,SU-10000,0023469553,2011,3,27,11,25,29,690,5141,286,93
1,SU-10000,0023469553,2011,3,27,11,25,29,700,5216,286,91
1,SU-10000,0023469553,2011,3,27,11,25,29,710,5447,286,90
1,SU-10000,0023469553,2011,3,27,11,25,29,720,5752,286,87
1,SU-10000,0023469553,2011,3,27,11,25,29,730,6080,286,84
1,SU-10000,0023469553,2011,3,27,11,25,29,740,6245,286,83
1,SU-10000,0023469553,2011,3,27,11,25,29,750,6404,286,82
1,SU-10000,0023469553,2011,3,27,11,25,29,760,6441,286,81
1,SU-10000,0023469553,2011,3,27,11,25,29,770,6423,286,81
1,SU-10000,0023469553,2011,3,27,11,25,29,780,6237,286,82
1,SU-10000,0023469553,2011,3,27,11,25,29,790,6156,286,83
1,SU-10000,0023469553,2011,3,27,11,25,29,800,6155,286,83
1,SU-10000,0023469553,2011,3,27,11,25,29,810,6102,286,83
1,SU-10000,0023469553,2011,3,27,11,25,29,820,6087,286,83
1,SU-10000,0023469553,2011,3,27,11,25,29,830,6059,286,83
1,SU-10000,0023469553,2011,3,27,11,25,29,840,5929,286,85
1,SU-10000,0023469553,2011,3,27,11,25,29,850,5741,286,85
1,SU-10000,0023469553,2011,3,27,11,25,29,860,5640,286,86
1,SU-10000,0023469553,2011,3,27,11,25,29,870,5570,286,86
1,SU-10000,0023469553,2011,3,27,11,25,29,880,5469,286,88
1,SU-10000,0023469553,2011,3,27,11,25,29,890,5385,286,88
1,SU-10000,0023469553,2011,3,27,11,25,29,900,5411,286,88
1,SU-10000,0023469553,2011,3,27,11,25,29,910,5641,286,86
1,SU-10000,0023469553,2011,3,27,11,25,29,920,5860,286,86
1,SU-10000,0023469553,2011,3,27,11,25,29,930,6026,286,83
1,SU-10000,0023469553,2011,3,27,11,25,29,940,6111,286,82
1,SU-10000,0023469553,2011,3,27,11,25,29,950,6255,286,81
1,SU-10000,0023469553,2011,3,27,11,25,29,960,6319,286,81
1,SU-10000,0023469553,2011,3,27,11,25,29,970,6333,286,79
1,SU-10000,0023469553,2011,3,27,11,25,29,980,6371,286,79
1,SU-10000,0023469553,2011,3,27,11,25,29,990,6387,286,79
1,SU-10000,0023469553,2011,3,27,11,25,29,1000,6250,286,80
1,SU-10000,0023469553,2011,3,27,11,25,29,1010,6063,286,81
1,SU-10000,0023469553,2011,3,27,11,25,29,1020,5938,286,82
1,SU-10000,0023469553,2011,3,27,11,25,29,1030,5847,286,83
1,SU-10000,0023469553,2011,3,27,11,25,29,1040,5860,286,82
1,SU-10000,0023469553,2011,3,27,11,25,29,1050,6005,286,81
1,SU-10000,0023469553,2011,3,27,11,25,29,1060,6081,286,81
1,SU-10000,0023469553,2011,3,27,11,25,29,1070,6008,286,81
1,SU-10000,0023469553,2011,3,27,11,25,29,1080,5937,286,82
1,SU-10000,0023469553,2011,3,27,11,25,29,1090,6009,286,81
1,SU-10000,0023469553,2011,3,27,11,25,29,1100,6039,286,81
1,SU-10000,0023469553,2011,3,27,11,25,29,1110,6029,286,81
1,SU-10000,0023469553,2011,3,27,11,25,29,1120,5961,286,81
1,SU-10000,0023469553,2011,3,27,11,25,29,1130,5997,286,81
1,SU-10000,0023469553,2011,3,27,11,25,29,1140,6004,286,81
1,SU-10000,0023469553,2011,3,27,11,25,29,1150,6181,286,80
1,SU-10000,0023469553,2011,3,27,11,25,29,1160,6269,286,79
1,SU-10000,0023469553,2011,3,27,11,25,29,1170,6200,286,80
1,SU-10000,0023469553,2011,3,27,11,25,29,1180,6145,286,80
1,SU-10000,0023469553,2011,3,27,11,25,29,1190,5986,286,81
1,SU-10000,0023469553,2011,3,27,11,25,29,1200,5833,286,82
1,SU-10000,0023469553,2011,3,27,11,25,29,1210,5672,286,83
1,SU-10000,0023469553,2011,3,27,11,25,29,1220,5658,286,84
1,SU-10000,0023469553,2011,3,27,11,25,29,1230,5491,286,84
1,SU-10000,0023469553,2011,3,27,11,25,29,1240,5419,286,86
1,SU-10000,0023469553,2011,3,27,11,25,29,1250,5385,286,86
1,SU-10000,0023469553,2011,3,27,11,25,29,1260,5527,286,85
1,SU-10000,0023469553,2011,3,27,11,25,29,1270,5645,286,84
1,SU-10000,0023469553,2011,3,27,11,25,29,1280,5687,286,84
1,SU-10000,0023469553,2011,3,27,11,25,29,1290,5751,286,84
1,SU-10000,0023469553,2011,3,27,11,25,29,1300,5804,286,84
1,SU-10000,0023469553,2011,3,27,11,25,29,1310,5904,286,82
1,SU-10000,0023469553,2011,3,27,11,25,29,1320,6037,286,82
1,SU-10000,0023469553,2011,3,27,11,25,29,1330,6144,286,81
1,SU-10000,0023469553,2011,3,27,11,25,29,1340,6275,286,80
1,SU-10000,0023469553,2011,3,27,11,25,29,1350,6290,286,79
1,SU-10000,0023469553,2011,3,27,11,25,29,1360,6289,286,79
1,SU-10000,0023469553,2011,3,27,11,25,29,1370,6284,286,80
1,SU-10000,0023469553,2011,3,27,11,25,29,1380,6237,286,79
1,SU-10000,0023469553,2011,3,27,11,25,29,1390,6192,286,80
1,SU-10000,0023469553,2011,3,27,11,25,29,1400,6159,286,80
1,SU-10000,0023469553,2011,3,27,11,25,29,1410,5971,286,81
1,SU-10000,0023469553,2011,3,27,11,25,29,1420,5709,286,84
1,SU-10000,0023469553,2011,3,27,11,25,29,1430,5742,286,83
1,SU-10000,0023469553,2011,3,27,11,25,29,1440,5799,286,83
1,SU-10000,0023469553,2011,3,27,11,25,29,1450,5893,286,82
1,SU-10000,0023469553,2011,3,27,11,25,29,1460,6058,286,81
1,SU-10000,0023469553,2011,3,27,11,25,29,1470,6183,286,80
1,SU-10000,0023469553,2011,3,27,11,25,29,1480,6205,286,80
1,SU-10000,0023469553,2011,3,27,11,25,29,1490,6195,286,80
1,SU-10000,0023469553,2011,3,27,11,25,29,1500,6138,286,80
1,SU-10000,0023469553,2011,3,27,11,25,29,1510,6074,286,81
1,SU-10000,0023469553,2011,3,27,11,25,29,1520,5987,286,81
1,SU-10000,0023469553,2011,3,27,11,25,29,1530,5990,286,81
1,SU-10000,0023469553,2011,3,27,11,25,29,1540,5930,286,81
1,SU-10000,0023469553,2011,3,27,11,25,29,1550,5811,286,82
1,SU-10000,0023469553,2011,3,27,11,25,29,1560,5709,286,83
1,SU-10000,0023469553,2011,3,27,11,25,29,1570,5587,286,85
1,SU-10000,0023469553,2011,3,27,11,25,29,1580,5617,286,84
1,SU-10000,0023469553,2011,3,27,11,25,29,1590,5661,286,84
1,SU-10000,0023469553,2011,3,27,11,25,29,1600,5756,286,84
1,SU-10000,0023469553,2011,3,27,11,25,29,1610,5848,286,82
1,SU-10000,0023469553,2011,3,27,11,25,29,1620,5827,286,84
1,SU-10000,0023469553,2011,3,27,11,25,29,1630,5822,286,84
1,SU-10000,0023469553,2011,3,27,11,25,29,1640,5869,286,83
1,SU-10000,0023469553,2011,3,27,11,25,29,1650,5813,286,84
1,SU-10000,0023469553,2011,3,27,11,25,29,1660,5666,286,85
1,SU-10000,0023469553,2011,3,27,11,25,29,1670,5467,286,86
1,SU-10000,0023469553,2011,3,27,11,25,29,1680,5248,286,88
1,SU-10000,0023469553,2011,3,27,11,25,29,1690,5102,286,88
1,SU-10000,0023469553,2011,3,27,11,25,29,1700,5063,286,90
1,SU-10000,0023469553,2011,3,27,11,25,29,1710,4983,286,90
1,SU-10000,0023469553,2011,3,27,11,25,29,1720,4903,286,90
1,SU-10000,0023469553,2011,3,27,11,25,29,1730,4883,286,92
1,SU-10000,0023469553,2011,3,27,11,25,29,1740,4984,286,90
1,SU-10000,0023469553,2011,3,27,11,25,29,1750,4790,286,92
1,SU-10000,0023469553,2011,3,27,11,25,29,1760,4706,286,93
1,SU-10000,0023469553,2011,3,27,11,25,29,1770,4655,286,94
1,SU-10000,0023469553,2011,3,27,11,25,29,1780,4673,286,94
1,SU-10000,0023469553,2011,3,27,11,25,29,1790,4711,286,93
1,SU-10000,0023469553,2011,3,27,11,25,29,1800,4748,286,93
1,SU-10000,0023469553,2011,3,27,11,25,29,1810,4912,286,92
1,SU-10000,0023469553,2011,3,27,11,25,29,1820,5031,286,91
1,SU-10000,0023469553,2011,3,27,11,25,29,1830,5156,286,90
1,SU-10000,0023469553,2011,3,27,11,25,29,1840,5344,286,88
1,SU-10000,0023469553,2011,3,27,11,25,29,1850,5593,286,86
1,SU-10000,0023469553,2011,3,27,11,25,29,1860,5723,286,86
1,SU-10000,0023469553,2011,3,27,11,25,29,1870,5932,286,84
1,SU-10000,0023469553,2011,3,27,11,25,29,1880,5986,286,83
1,SU-10000,0023469553,2011,3,27,11,25,29,1890,5987,286,84
1,SU-10000,0023469553,2011,3,27,11,25,29,1900,5991,286,82
1,SU-10000,0023469553,2011,3,27,11,25,29,1910,5991,286,83
1,SU-10000,0023469553,2011,3,27,11,25,29,1920,5905,286,84
1,SU-10000,0023469553,2011,3,27,11,25,29,1930,5682,286,86
1,SU-10000,0023469553,2011,3,27,11,25,29,1940,5563,286,86
1,SU-10000,0023469553,2011,3,27,11,25,29,1950,5638,286,86
1,SU-10000,0023469553,2011,3,27,11,25,29,1960,5615,286,86
1,SU-10000,0023469553,2011,3,27,11,25,29,1970,5465,286,87
1,SU-10000,0023469553,2011,3,27,11,25,29,1980,5330,286,89
1,SU-10000,0023469553,2011,3,27,11,25,29,1990,5308,286,89
1,SU-10000,0023469553,2011,3,27,11,25,29,2000,5406,286,87
1,SU-10000,0023469553,2011,3,27,11,25,29,2010,5421,286,87
1,SU-10000,0023469553,2011,3,27,11,25,29,2020,5524,286,87
1,SU-10000,0023469553,2011,3,27,11,25,29,2030,5649,286,86
1,SU-10000,0023469553,2011,3,27,11,25,29,2040,5768,286,85
1,SU-10000,0023469553,2011,3,27,11,25,29,2050,5820,286,85
1,SU-10000,0023469553,2011,3,27,11,25,29,2060,5840,286,85
1,SU-10000,0023469553,2011,3,27,11,25,29,2070,5866,286,85
1,SU-10000,0023469553,2011,3,27,11,25,29,2080,5931,286,84
1,SU-10000,0023469553,2011,3,27,11,25,29,2090,5920,286,83
1,SU-10000,0023469553,2011,3,27,11,25,29,2100,5760,286,85
1,SU-10000,0023469553,2011,3,27,11,25,29,2110,5710,286,86
1,SU-10000,0023469553,2011,3,27,11,25,29,2120,5532,286,86
1,SU-10000,0023469553,2011,3,27,11,25,29,2130,5495,286,86
1,SU-10000,0023469553,2011,3,27,11,25,29,2140,5555,286,86
1,SU-10000,0023469553,2011,3,27,11,25,29,2150,5509,286,87
1,SU-10000,0023469553,2011,3,27,11,25,29,2160,5528,286,87
1,SU-10000,0023469553,2011,3,27,11,25,29,2170,5609,286,86
1,SU-10000,0023469553,2011,3,27,11,25,29,2180,5574,286,86
1,SU-10000,0023469553,2011,3,27,11,25,29,2190,5626,286,86
1,SU-10000,0023469553,2011,3,27,11,25,29,2200,5596,286,86
1,SU-10000,0023469553,2011,3,27,11,25,29,2210,5566,286,87
1,SU-10000,0023469553,2011,3,27,11,25,29,2220,5509,286,88
1,SU-10000,0023469553,2011,3,27,11,25,29,2230,5458,286,87
1,SU-10000,0023469553,2011,3,27,11,25,29,2240,5459,286,87
1,SU-10000,0023469553,2011,3,27,11,25,29,2250,5446,286,88
1,SU-10000,0023469553,2011,3,27,11,25,29,2260,5446,286,88
1,SU-10000,0023469553,2011,3,27,11,25,29,2270,5448,286,88
1,SU-10000,0023469553,2011,3,27,11,25,29,2280,5441,286,88
1,SU-10000,0023469553,2011,3,27,11,25,29,2290,5437,286,88
1,SU-10000,0023469553,2011,3,27,11,25,29,2300,5438,286,88
1,SU-10000,0023469553,2011,3,27,11,25,29,2310,5418,286,89
1,SU-10000,0023469553,2011,3,27,11,25,29,2320,5426,286,88
1,SU-10000,0023469553,2011,3,27,11,25,29,2330,5379,286,89
1,SU-10000,0023469553,2011,3,27,11,25,29,2340,5378,286,88
1,SU-10000,0023469553,2011,3,27,11,25,29,2350,5369,286,88
1,SU-10000,0023469553,2011,3,27,11,25,29,2360,5320,286,90
1,SU-10000,0023469553,2011,3,27,11,25,29,2370,5231,286,90
1,SU-10000,0023469553,2011,3,27,11,25,29,2380,5199,286,90
1,SU-10000,0023469553,2011,3,27,11,25,29,2390,5230,286,90
1,SU-10000,0023469553,2011,3,27,11,25,29,2400,5303,286,90
1,SU-10000,0023469553,2011,3,27,11,25,29,2410,5233,286,90
1,SU-10000,0023469553,2011,3,27,11,25,29,2420,5199,286,90
1,SU-10000,0023469553,2011,3,27,11,25,29,2430,5164,286,90
1,SU-10000,0023469553,2011,3,27,11,25,29,2440,5062,286,91
1,SU-10000,0023469553,2011,3,27,11,25,29,2450,4914,286,93
1,SU-10000,0023469553,2011,3,27,11,25,29,2460,4909,286,93
1,SU-10000,0023469553,2011,3,27,11,25,29,2470,4919,286,93
1,SU-10000,0023469553,2011,3,27,11,25,29,2480,4869,286,94
1,SU-10000,0023469553,2011,3,27,11,25,29,2490,4811,286,94
1,SU-10000,0023469553,2011,3,27,11,25,29,2500,4844,286,94
1,SU-10000,0023469553,2011,3,27,11,25,29,2510,5098,286,92
1,SU-10000,0023469553,2011,3,27,11,25,29,2520,5178,286,90
1,SU-10000,0023469553,2011,3,27,11,25,29,2530,5229,286,90
1,SU-10000,0023469553,2011,3,27,11,25,29,2540,5185,286,90
1,SU-10000,0023469553,2011,3,27,11,25,29,2550,5197,286,91
1,SU-10000,0023469553,2011,3,27,11,25,29,2560,5108,286,91
1,SU-10000,0023469553,2011,3,27,11,25,29,2570,5150,286,90
1,SU-10000,0023469553,2011,3,27,11,25,29,2580,5162,286,90
1,SU-10000,0023469553,2011,3,27,11,25,29,2590,5127,286,91
1,SU-10000,0023469553,2011,3,27,11,25,29,2600,5007,286,92
1,SU-10000,0023469553,2011,3,27,11,25,29,2610,5027,286,92
1,SU-10000,0023469553,2011,3,27,11,25,29,2620,5063,286,91
1,SU-10000,0023469553,2011,3,27,11,25,29,2630,5072,286,92
1,SU-10000,0023469553,2011,3,27,11,25,29,2640,5096,286,91
1,SU-10000,0023469553,2011,3,27,11,25,29,2650,5112,286,91
1,SU-10000,0023469553,2011,3,27,11,25,29,2660,5159,286,91
1,SU-10000,0023469553,2011,3,27,11,25,29,2670,5353,286,89
1,SU-10000,0023469553,2011,3,27,11,25,29,2680,5380,286,90
1,SU-10000,0023469553,2011,3,27,11,25,29,2690,5366,286,89
1,SU-10000,0023469553,2011,3,27,11,25,29,2700,5360,286,90
1,SU-10000,0023469553,2011,3,27,11,25,29,2710,5184,286,90
1,SU-10000,0023469553,2011,3,27,11,25,29,2720,5112,286,91
1,SU-10000,0023469553,2011,3,27,11,25,29,2730,5119,286,91
1,SU-10000,0023469553,2011,3,27,11,25,29,2740,5077,286,91
1,SU-10000,0023469553,2011,3,27,11,25,29,2750,5078,286,91
1,SU-10000,0023469553,2011,3,27,11,25,29,2760,5095,286,91
1,SU-10000,0023469553,2011,3,27,11,25,29,2770,5100,286,92
1,SU-10000,0023469553,2011,3,27,11,25,29,2780,5101,286,91
1,SU-10000,0023469553,2011,3,27,11,25,29,2790,5093,286,91
1,SU-10000,0023469553,2011,3,27,11,25,29,2800,5094,286,92
1,SU-10000,0023469553,2011,3,27,11,25,29,2810,5080,286,91
1,SU-10000,0023469553,2011,3,27,11,25,29,2820,5094,286,91
1,SU-10000,0023469553,2011,3,27,11,25,29,2830,5112,286,92
1,SU-10000,0023469553,2011,3,27,11,25,29,2840,5105,286,92
1,SU-10000,0023469553,2011,3,27,11,25,29,2850,5086,286,91
1,SU-10000,0023469553,2011,3,27,11,25,29,2860,5066,286,91
1,SU-10000,0023469553,2011,3,27,11,25,29,2870,5121,286,91
1,SU-10000,0023469553,2011,3,27,11,25,29,2880,5238,286,90
1,SU-10000,0023469553,2011,3,27,11,25,29,2890,5140,286,91
1,SU-10000,0023469553,2011,3,27,11,25,29,2900,5134,286,92
1,SU-10000,0023469553,2011,3,27,11,25,29,2910,5115,286,92
1,SU-10000,0023469553,2011,3,27,11,25,29,2920,5085,286,92
1,SU-10000,0023469553,2011,3,27,11,25,29,2930,5123,286,91
1,SU-10000,0023469553,2011,3,27,11,25,29,2940,5208,286,90
1,SU-10000,0023469553,2011,3,27,11,25,29,2950,5270,286,90
1,SU-10000,0023469553,2011,3,27,11,25,29,2960,5277,286,90
1,SU-10000,0023469553,2011,3,27,11,25,29,2970,5209,286,91
1,SU-10000,0023469553,2011,3,27,11,25,29,2980,5000,286,93
1,SU-10000,0023469553,2011,3,27,11,25,29,2990,4866,286,94
1,SU-10000,0023469553,2011,3,27,11,25,29,3000,4963,286,93
1,SU-10000,0023469553,2011,3,27,11,25,29,3010,4983,286,93
1,SU-10000,0023469553,2011,3,27,11,25,29,3020,5007,286,92
1,SU-10000,0023469553,2011,3,27,11,25,29,3030,4983,286,93
1,SU-10000,0023469553,2011,3,27,11,25,29,3040,4947,286,93
1,SU-10000,0023469553,2011,3,27,11,25,29,3050,4854,286,94
1,SU-10000,0023469553,2011,3,27,11,25,29,3060,4844,286,93
1,SU-10000,0023469553,2011,3,27,11,25,29,3070,4748,286,95
1,SU-10000,0023469553,2011,3,27,11,25,29,3080,4520,286,97
1,SU-10000,0023469553,2011,3,27,11,25,29,3090,4429,286,98
1,SU-10000,0023469553,2011,3,27,11,25,29,3100,4365,286,98
1,SU-10000,0023469553,2011,3,27,11,25,29,3110,4436,286,98
1,SU-10000,0023469553,2011,3,27,11,25,29,3120,4405,286,98
1,SU-10000,0023469553,2011,3,27,11,25,29,3130,4293,286,99
1,SU-10000,0023469553,2011,3,27,11,25,29,3140,4239,286,99
1,SU-10000,0023469553,2011,3,27,11,25,29,3150,4186,287,00
1,SU-10000,0023469553,2011,3,27,11,25,29,3160,4197,287,00
1,SU-10000,0023469553,2011,3,27,11,25,29,3170,4196,287,00
1,SU-10000,0023469553,2011,3,27,11,25,29,3180,4158,287,01
1,SU-10000,0023469553,2011,3,27,11,25,29,3190,4126,287,00
1,SU-10000,0023469553,2011,3,27,11,25,29,3200,4027,287,02
1,SU-10000,0023469553,2011,3,27,11,25,29,3210,3962,287,03
1,SU-10000,0023469553,2011,3,27,11,25,29,3220,3973,287,03
1,SU-10000,0023469553,2011,3,27,11,25,29,3230,3971,287,03
1,SU-10000,0023469553,2011,3,27,11,25,29,3240,3973,287,03
1,SU-10000,0023469553,2011,3,27,11,25,29,3250,3972,287,03
1,SU-10000,0023469553,2011,3,27,11,25,29,3260,3959,287,03
1,SU-10000,0023469553,2011,3,27,11,25,29,3270,4018,287,03
1,SU-10000,0023469553,2011,3,27,11,25,29,3280,3990,287,03
1,SU-10000,0023469553,2011,3,27,11,25,29,3290,4033,287,03
1,SU-10000,0023469553,2011,3,27,11,25,29,3300,4076,287,03
1,SU-10000,0023469553,2011,3,27,11,25,29,3310,3948,287,03
1,SU-10000,0023469553,2011,3,27,11,25,29,3320,3761,287,05
1,SU-10000,0023469553,2011,3,27,11,25,29,3330,3682,287,06
1,SU-10000,0023469553,2011,3,27,11,25,29,3340,3657,287,06
1,SU-10000,0023469553,2011,3,27,11,25,29,3350,3661,287,06
1,SU-10000,0023469553,2011,3,27,11,25,29,3360,3652,287,07
1,SU-10000,0023469553,2011,3,27,11,25,29,3370,3665,287,06
1,SU-10000,0023469553,2011,3,27,11,25,29,3380,3706,287,05
1,SU-10000,0023469553,2011,3,27,11,25,29,3390,3724,287,06
1,SU-10000,0023469553,2011,3,27,11,25,29,3400,3727,287,06
1,SU-10000,0023469553,2011,3,27,11,25,29,3410,3710,287,06
1,SU-10000,0023469553,2011,3,27,11,25,29,3420,3722,287,06
1,SU-10000,0023469553,2011,3,27,11,25,29,3430,3628,287,07
1,SU-10000,0023469553,2011,3,27,11,25,29,3440,3423,287,09
1,SU-10000,0023469553,2011,3,27,11,25,29,3450,3370,287,10
1,SU-10000,0023469553,2011,3,27,11,25,29,3460,3345,287,11
1,SU-10000,0023469553,2011,3,27,11,25,29,3470,3380,287,10
1,SU-10000,0023469553,2011,3,27,11,25,29,3480,3372,287,10
1,SU-10000,0023469553,2011,3,27,11,25,29,3490,3377,287,10
1,SU-10000,0023469553,2011,3,27,11,25,29,3500,3347,287,10
1,SU-10000,0023469553,2011,3,27,11,25,29,3510,3362,287,10
1,SU-10000,0023469553,2011,3,27,11,25,29,3520,3394,287,10
1,SU-10000,0023469553,2011,3,27,11,25,29,3530,3403,287,10
1,SU-10000,0023469553,2011,3,27,11,25,29,3540,3373,287,10
1,SU-10000,0023469553,2011,3,27,11,25,29,3550,3393,287,10
1,SU-10000,0023469553,2011,3,27,11,25,29,3560,3350,287,11
1,SU-10000,0023469553,2011,3,27,11,25,29,3570,3084,287,14
1,SU-10000,0023469553,2011,3,27,11,25,29,3580,3012,287,14
1,SU-10000,0023469553,2011,3,27,11,25,29,3590,3024,287,14
1,SU-10000,0023469553,2011,3,27,11,25,29,3600,3044,287,14
1,SU-10000,0023469553,2011,3,27,11,25,29,3610,3057,287,13
1,SU-10000,0023469553,2011,3,27,11,25,29,3620,3024,287,14
1,SU-10000,0023469553,2011,3,27,11,25,29,3630,3115,287,14
1,SU-10000,0023469553,2011,3,27,11,25,29,3640,3109,287,14
1,SU-10000,0023469553,2011,3,27,11,25,29,3650,3080,287,14
1,SU-10000,0023469553,2011,3,27,11,25,29,3660,3048,287,15
1,SU-10000,0023469553,2011,3,27,11,25,29,3670,3109,287,14
1,SU-10000,0023469553,2011,3,27,11,25,29,3680,3125,287,14
1,SU-10000,0023469553,2011,3,27,11,25,29,3690,3124,287,14
1,SU-10000,0023469553,2011,3,27,11,25,29,3700,3083,287,15
1,SU-10000,0023469553,2011,3,27,11,25,29,3710,3059,287,15
1,SU-10000,0023469553,2011,3,27,11,25,29,3720,3060,287,15
1,SU-10000,0023469553,2011,3,27,11,25,29,3730,3120,287,14
1,SU-10000,0023469553,2011,3,27,11,25,29,3740,3133,287,14
1,SU-10000,0023469553,2011,3,27,11,25,29,3750,3145,287,13
1,SU-10000,0023469553,2011,3,27,11,25,29,3760,3166,287,14
1,SU-10000,0023469553,2011,3,27,11,25,29,3770,3153,287,14
1,SU-10000,0023469553,2011,3,27,11,25,29,3780,3145,287,13
1,SU-10000,0023469553,2011,3,27,11,25,29,3790,3131,287,15
1,SU-10000,0023469553,2011,3,27,11,25,29,3800,3101,287,15
1,SU-10000,0023469553,2011,3,27,11,25,29,3810,3114,287,15
1,SU-10000,0023469553,2011,3,27,11,25,29,3820,3091,287,15
1,SU-10000,0023469553,2011,3,27,11,25,29,3830,3101,287,15
1,SU-10000,0023469553,2011,3,27,11,25,29,3840,3135,287,15
1,SU-10000,0023469553,2011,3,27,11,25,29,3850,3153,287,15
1,SU-10000,0023469553,2011,3,27,11,25,29,3860,3166,287,14
1,SU-10000,0023469553,2011,3,27,11,25,29,3870,3169,287,14
1,SU-10000,0023469553,2011,3,27,11,25,29,3880,3144,287,15
1,SU-10000,0023469553,2011,3,27,11,25,29,3890,3155,287,15
1,SU-10000,0023469553,2011,3,27,11,25,29,3900,3176,287,14
1,SU-10000,0023469553,2011,3,27,11,25,29,3910,3201,287,15
1,SU-10000,0023469553,2011,3,27,11,25,29,3920,3196,287,14
1,SU-10000,0023469553,2011,3,27,11,25,29,3930,3183,287,15
1,SU-10000,0023469553,2011,3,27,11,25,29,3940,3161,287,15
1,SU-10000,0023469553,2011,3,27,11,25,29,3950,3148,287,16
1,SU-10000,0023469553,2011,3,27,11,25,29,3960,3155,287,15
1,SU-10000,0023469553,2011,3,27,11,25,29,3970,3156,287,15
1,SU-10000,0023469553,2011,3,27,11,25,29,3980,3159,287,16
1,SU-10000,0023469553,2011,3,27,11,25,29,3990,3168,287,16
1,SU-10000,0023469553,2011,3,27,11,25,29,4000,3142,287,16
1,SU-10000,0023469553,2011,3,27,11,25,29,4010,3123,287,16
1,SU-10000,0023469553,2011,3,27,11,25,29,4020,3147,287,15
1,SU-10000,0023469553,2011,3,27,11,25,29,4030,3140,287,16
1,SU-10000,0023469553,2011,3,27,11,25,29,4040,3060,287,16
1,SU-10000,0023469553,2011,3,27,11,25,29,4050,2861,287,18
1,SU-10000,0023469553,2011,3,27,11,25,29,4060,2806,287,19
1,SU-10000,0023469553,2011,3,27,11,25,29,4070,2808,287,19
1,SU-10000,0023469553,2011,3,27,11,25,29,4080,2820,287,19
1,SU-10000,0023469553,2011,3,27,11,25,29,4090,2807,287,19
1,SU-10000,0023469553,2011,3,27,11,25,29,4100,2827,287,20
1,SU-10000,0023469553,2011,3,27,11,25,29,4110,2820,287,19
1,SU-10000,0023469553,2011,3,27,11,25,29,4120,2831,287,19
1,SU-10000,0023469553,2011,3,27,11,25,29,4130,2832,287,20
1,SU-10000,0023469553,2011,3,27,11,25,29,4140,2829,287,20
1,SU-10000,0023469553,2011,3,27,11,25,29,4150,2834,287,20
1,SU-10000,0023469553,2011,3,27,11,25,29,4160,2805,287,20
1,SU-10000,0023469553,2011,3,27,11,25,29,4170,2788,287,20
1,SU-10000,0023469553,2011,3,27,11,25,29,4180,2774,287,20
1,SU-10000,0023469553,2011,3,27,11,25,29,4190,2803,287,19
1,SU-10000,0023469553,2011,3,27,11,25,29,4200,2825,287,20
1,SU-10000,0023469553,2011,3,27,11,25,29,4210,2806,287,20
1,SU-10000,0023469553,2011,3,27,11,25,29,4220,2769,287,21
1,SU-10000,0023469553,2011,3,27,11,25,29,4230,2806,287,20
1,SU-10000,0023469553,2011,3,27,11,25,29,4240,2831,287,20
1,SU-10000,0023469553,2011,3,27,11,25,29,4250,2828,287,20
1,SU-10000,0023469553,2011,3,27,11,25,29,4260,2850,287,20
1,SU-10000,0023469553,2011,3,27,11,25,29,4270,2853,287,20
1,SU-10000,0023469553,2011,3,27,11,25,29,4280,2822,287,20
1,SU-10000,0023469553,2011,3,27,11,25,29,4290,2823,287,20
1,SU-10000,0023469553,2011,3,27,11,25,29,4300,2781,287,20
1,SU-10000,0023469553,2011,3,27,11,25,29,4310,2756,287,20
1,SU-10000,0023469553,2011,3,27,11,25,29,4320,2790,287,20
1,SU-10000,0023469553,2011,3,27,11,25,29,4330,2827,287,20
1,SU-10000,0023469553,2011,3,27,11,25,29,4340,2831,287,20
1,SU-10000,0023469553,2011,3,27,11,25,29,4350,2881,287,20
1,SU-10000,0023469553,2011,3,27,11,25,29,4360,2857,287,21
1,SU-10000,0023469553,2011,3,27,11,25,29,4370,2830,287,20
1,SU-10000,0023469553,2011,3,27,11,25,29,4380,2863,287,20
1,SU-10000,0023469553,2011,3,27,11,25,29,4390,2795,287,21
1,SU-10000,0023469553,2011,3,27,11,25,29,4400,2526,287,24
1,SU-10000,0023469553,2011,3,27,11,25,29,4410,2473,287,24
1,SU-10000,0023469553,2011,3,27,11,25,29,4420,2514,287,24
1,SU-10000,0023469553,2011,3,27,11,25,29,4430,2434,287,25
1,SU-10000,0023469553,2011,3,27,11,25,29,4440,2340,287,27
1,SU-10000,0023469553,2011,3,27,11,25,29,4450,2481,287,26
1,SU-10000,0023469553,2011,3,27,11,25,29,4460,2502,287,25
1,SU-10000,0023469553,2011,3,27,11,25,29,4470,2553,287,25
1,SU-10000,0023469553,2011,3,27,11,25,29,4480,2556,287,25
1,SU-10000,0023469553,2011,3,27,11,25,29,4490,2519,287,25
1,SU-10000,0023469553,2011,3,27,11,25,29,4500,2452,287,25
1,SU-10000,0023469553,2011,3,27,11,25,29,4510,2528,287,24
1,SU-10000,0023469553,2011,3,27,11,25,29,4520,2543,287,24
1,SU-10000,0023469553,2011,3,27,11,25,29,4530,2576,287,24
1,SU-10000,0023469553,2011,3,27,11,25,29,4540,2571,287,24
1,SU-10000,0023469553,2011,3,27,11,25,29,4550,2585,287,24
1,SU-10000,0023469553,2011,3,27,11,25,29,4560,2559,287,24
1,SU-10000,0023469553,2011,3,27,11,25,29,4570,2504,287,24
1,SU-10000,0023469553,2011,3,27,11,25,29,4580,2544,287,24
1,SU-10000,0023469553,2011,3,27,11,25,29,4590,2530,287,23
1,SU-10000,0023469553,2011,3,27,11,25,29,4600,2532,287,24
1,SU-10000,0023469553,2011,3,27,11,25,29,4610,2547,287,24
1,SU-10000,0023469553,2011,3,27,11,25,29,4620,2528,287,23
1,SU-10000,0023469553,2011,3,27,11,25,29,4630,2422,287,24
1,SU-10000,0023469553,2011,3,27,11,25,29,4640,2373,287,24
1,SU-10000,0023469553,2011,3,27,11,25,29,4650,2237,287,25
1,SU-10000,0023469553,2011,3,27,11,25,29,4660,2223,287,25
1,SU-10000,0023469553,2011,3,27,11,25,29,4670,2170,287,25
1,SU-10000,0023469553,2011,3,27,11,25,29,4680,2124,287,27
1,SU-10000,0023469553,2011,3,27,11,25,29,4690,2150,287,27
1,SU-10000,0023469553,2011,3,27,11,25,29,4700,2200,287,27
1,SU-10000,0023469553,2011,3,27,11,25,29,4710,2267,287,26
1,SU-10000,0023469553,2011,3,27,11,25,29,4720,2261,287,26
1,SU-10000,0023469553,2011,3,27,11,25,29,4730,2242,287,27
1,SU-10000,0023469553,2011,3,27,11,25,29,4740,2219,287,27
1,SU-10000,0023469553,2011,3,27,11,25,29,4750,2250,287,28
1,SU-10000,0023469553,2011,3,27,11,25,29,4760,2264,287,27
1,SU-10000,0023469553,2011,3,27,11,25,29,4770,2244,287,28
1,SU-10000,0023469553,2011,3,27,11,25,29,4780,2242,287,28
1,SU-10000,0023469553,2011,3,27,11,25,29,4790,2254,287,28
1,SU-10000,0023469553,2011,3,27,11,25,29,4800,2239,287,28
1,SU-10000,0023469553,2011,3,27,11,25,29,4810,2221,287,28
1,SU-10000,0023469553,2011,3,27,11,25,29,4820,2206,287,29
1,SU-10000,0023469553,2011,3,27,11,25,29,4830,2206,287,29
1,SU-10000,0023469553,2011,3,27,11,25,29,4840,2163,287,29
1,SU-10000,0023469553,2011,3,27,11,25,29,4850,2196,287,30
1,SU-10000,0023469553,2011,3,27,11,25,29,4860,2202,287,30
1,SU-10000,0023469553,2011,3,27,11,25,29,4870,2219,287,30
1,SU-10000,0023469553,2011,3,27,11,25,29,4880,2170,287,31
1,SU-10000,0023469553,2011,3,27,11,25,29,4890,2059,287,31
1,SU-10000,0023469553,2011,3,27,11,25,29,4900,1966,287,32
1,SU-10000,0023469553,2011,3,27,11,25,29,4910,2002,287,33
1,SU-10000,0023469553,2011,3,27,11,25,29,4920,2040,287,32
1,SU-10000,0023469553,2011,3,27,11,25,29,4930,1972,287,33
1,SU-10000,0023469553,2011,3,27,11,25,29,4940,2001,287,33
1,SU-10000,0023469553,2011,3,27,11,25,29,4950,2024,287,33
1,SU-10000,0023469553,2011,3,27,11,25,29,4960,2034,287,33
1,SU-10000,0023469553,2011,3,27,11,25,29,4970,1988,287,34
1,SU-10000,0023469553,2011,3,27,11,25,29,4980,1964,287,34
1,SU-10000,0023469553,2011,3,27,11,25,29,4990,1946,287,34
1,SU-10000,0023469553,2011,3,27,11,25,29,5000,1953,287,35
1,SU-10000,0023469553,2011,3,27,11,25,29,5010,1976,287,34
1,SU-10000,0023469553,2011,3,27,11,25,29,5020,1961,287,35
1,SU-10000,0023469553,2011,3,27,11,25,29,5030,1977,287,35
1,SU-10000,0023469553,2011,3,27,11,25,29,5040,1976,287,35
1,SU-10000,0023469553,2011,3,27,11,25,29,5050,1988,287,35
1,SU-10000,0023469553,2011,3,27,11,25,29,5060,2057,287,34
1,SU-10000,0023469553,2011,3,27,11,25,29,5070,2045,287,35
1,SU-10000,0023469553,2011,3,27,11,25,29,5080,2014,287,35
1,SU-10000,0023469553,2011,3,27,11,25,29,5090,1942,287,37
1,SU-10000,0023469553,2011,3,27,11,25,29,5100,1913,287,37
1,SU-10000,0023469553,2011,3,27,11,25,29,5110,1929,287,36
1,SU-10000,0023469553,2011,3,27,11,25,29,5120,1965,287,36
1,SU-10000,0023469553,2011,3,27,11,25,29,5130,1950,287,37
1,SU-10000,0023469553,2011,3,27,11,25,29,5140,1937,287,36
1,SU-10000,0023469553,2011,3,27,11,25,29,5150,1923,287,37
1,SU-10000,0023469553,2011,3,27,11,25,29,5160,1904,287,37
1,SU-10000,0023469553,2011,3,27,11,25,29,5170,1943,287,37
1,SU-10000,0023469553,2011,3,27,11,25,29,5180,1994,287,37
1,SU-10000,0023469553,2011,3,27,11,25,29,5190,2054,287,36
1,SU-10000,0023469553,2011,3,27,11,25,29,5200,2054,287,36
1,SU-10000,0023469553,2011,3,27,11,25,29,5210,2001,287,37
1,SU-10000,0023469553,2011,3,27,11,25,29,5220,1993,287,37
1,SU-10000,0023469553,2011,3,27,11,25,29,5230,1985,287,37
1,SU-10000,0023469553,2011,3,27,11,25,29,5240,1954,287,37
1,SU-10000,0023469553,2011,3,27,11,25,29,5250,1848,287,38
1,SU-10000,0023469553,2011,3,27,11,25,29,5260,1747,287,40
1,SU-10000,0023469553,2011,3,27,11,25,29,5270,1702,287,41
1,SU-10000,0023469553,2011,3,27,11,25,29,5280,1753,287,41
1,SU-10000,0023469553,2011,3,27,11,25,29,5290,1799,287,40
1,SU-10000,0023469553,2011,3,27,11,25,29,5300,1770,287,41
1,SU-10000,0023469553,2011,3,27,11,25,29,5310,1726,287,41
1,SU-10000,0023469553,2011,3,27,11,25,29,5320,1699,287,41
1,SU-10000,0023469553,2011,3,27,11,25,29,5330,1640,287,42
1,SU-10000,0023469553,2011,3,27,11,25,29,5340,1673,287,41
1,SU-10000,0023469553,2011,3,27,11,25,29,5350,1686,287,43
1,SU-10000,0023469553,2011,3,27,11,25,29,5360,1707,287,42
1,SU-10000,0023469553,2011,3,27,11,25,29,5370,1696,287,42
1,SU-10000,0023469553,2011,3,27,11,25,29,5380,1705,287,42
1,SU-10000,0023469553,2011,3,27,11,25,29,5390,1693,287,43
1,SU-10000,0023469553,2011,3,27,11,25,29,5400,1719,287,43
1,SU-10000,0023469553,2011,3,27,11,25,29,5410,1715,287,43
1,SU-10000,0023469553,2011,3,27,11,25,29,5420,1743,287,42
1,SU-10000,0023469553,2011,3,27,11,25,29,5430,1738,287,43
1,SU-10000,0023469553,2011,3,27,11,25,29,5440,1734,287,43
1,SU-10000,0023469553,2011,3,27,11,25,29,5450,1720,287,44
1,SU-10000,0023469553,2011,3,27,11,25,29,5460,1706,287,44
1,SU-10000,0023469553,2011,3,27,11,25,29,5470,1713,287,43
1,SU-10000,0023469553,2011,3,27,11,25,29,5480,1720,287,43
1,SU-10000,0023469553,2011,3,27,11,25,29,5490,1721,287,43
1,SU-10000,0023469553,2011,3,27,11,25,29,5500,1722,287,43
1,SU-10000,0023469553,2011,3,27,11,25,29,5510,1720,287,44
1,SU-10000,0023469553,2011,3,27,11,25,29,5520,1751,287,43
1,SU-10000,0023469553,2011,3,27,11,25,29,5530,1755,287,43
1,SU-10000,0023469553,2011,3,27,11,25,29,5540,1710,287,44
1,SU-10000,0023469553,2011,3,27,11,25,29,5550,1698,287,43
1,SU-10000,0023469553,2011,3,27,11,25,29,5560,1684,287,44
1,SU-10000,0023469553,2011,3,27,11,25,29,5570,1685,287,44
1,SU-10000,0023469553,2011,3,27,11,25,29,5580,1710,287,44
1,SU-10000,0023469553,2011,3,27,11,25,29,5590,1660,287,44
1,SU-10000,0023469553,2011,3,27,11,25,29,5600,1685,287,44
1,SU-10000,0023469553,2011,3,27,11,25,29,5610,1652,287,45
1,SU-10000,0023469553,2011,3,27,11,25,29,5620,1700,287,44
1,SU-10000,0023469553,2011,3,27,11,25,29,5630,1694,287,44
1,SU-10000,0023469553,2011,3,27,11,25,29,5640,1681,287,45
1,SU-10000,0023469553,2011,3,27,11,25,29,5650,1689,287,44
1,SU-10000,0023469553,2011,3,27,11,25,29,5660,1726,287,44
1,SU-10000,0023469553,2011,3,27,11,25,29,5670,1727,287,44
1,SU-10000,0023469553,2011,3,27,11,25,29,5680,1715,287,44
1,SU-10000,0023469553,2011,3,27,11,25,29,5690,1672,287,44
1,SU-10000,0023469553,2011,3,27,11,25,29,5700,1645,287,45
1,SU-10000,0023469553,2011,3,27,11,25,29,5710,1631,287,45
1,SU-10000,0023469553,2011,3,27,11,25,29,5720,1666,287,45
1,SU-10000,0023469553,2011,3,27,11,25,29,5730,1718,287,43
1,SU-10000,0023469553,2011,3,27,11,25,29,5740,1730,287,44
1,SU-10000,0023469553,2011,3,27,11,25,29,5750,1747,287,43
1,SU-10000,0023469553,2011,3,27,11,25,29,5760,1759,287,44
1,SU-10000,0023469553,2011,3,27,11,25,29,5770,1708,287,44
1,SU-10000,0023469553,2011,3,27,11,25,29,5780,1731,287,44
1,SU-10000,0023469553,2011,3,27,11,25,29,5790,1721,287,43
1,SU-10000,0023469553,2011,3,27,11,25,29,5800,1675,287,44
1,SU-10000,0023469553,2011,3,27,11,25,29,5810,1689,287,44
1,SU-10000,0023469553,2011,3,27,11,25,29,5820,1695,287,44
1,SU-10000,0023469553,2011,3,27,11,25,29,5830,1734,287,43
1,SU-10000,0023469553,2011,3,27,11,25,29,5840,1743,287,43
1,SU-10000,0023469553,2011,3,27,11,25,29,5850,1801,287,43
1,SU-10000,0023469553,2011,3,27,11,25,29,5860,1818,287,42
1,SU-10000,0023469553,2011,3,27,11,25,29,5870,1785,287,44
1,SU-10000,0023469553,2011,3,27,11,25,29,5880,1704,287,44
1,SU-10000,0023469553,2011,3,27,11,25,29,5890,1630,287,45
1,SU-10000,0023469553,2011,3,27,11,25,29,5900,1640,287,44
1,SU-10000,0023469553,2011,3,27,11,25,29,5910,1696,287,44
1,SU-10000,0023469553,2011,3,27,11,25,29,5920,1761,287,43
1,SU-10000,0023469553,2011,3,27,11,25,29,5930,1829,287,41
1,SU-10000,0023469553,2011,3,27,11,25,29,5940,1801,287,43
1,SU-10000,0023469553,2011,3,27,11,25,29,5950,1730,287,44
1,SU-10000,0023469553,2011,3,27,11,25,29,5960,1646,287,45
1,SU-10000,0023469553,2011,3,27,11,25,29,5970,1664,287,44
1,SU-10000,0023469553,2011,3,27,11,25,29,5980,1643,287,44
1,SU-10000,0023469553,2011,3,27,11,25,29,5990,1648,287,44
1,SU-10000,0023469553,2011,3,27,11,25,29,6000,1682,287,43
1,SU-10000,0023469553,2011,3,27,11,25,29,6010,1677,287,44
1,SU-10000,0023469553,2011,3,27,11,25,29,6020,1662,287,44
1,SU-10000,0023469553,2011,3,27,11,25,29,6030,1614,287,45
1,SU-10000,0023469553,2011,3,27,11,25,29,6040,1605,287,45
1,SU-10000,0023469553,2011,3,27,11,25,29,6050,1567,287,45
1,SU-10000,0023469553,2011,3,27,11,25,29,6060,1639,287,45
1,SU-10000,0023469553,2011,3,27,11,25,29,6070,1642,287,44
1,SU-10000,0023469553,2011,3,27,11,25,29,6080,1627,287,45
1,SU-10000,0023469553,2011,3,27,11,25,29,6090,1629,287,45
1,SU-10000,0023469553,2011,3,27,11,25,29,6100,1659,287,44
1,SU-10000,0023469553,2011,3,27,11,25,29,6110,1740,287,45
1,SU-10000,0023469553,2011,3,27,11,25,29,6120,1758,287,44
1,SU-10000,0023469553,2011,3,27,11,25,29,6130,1761,287,43
1,SU-10000,0023469553,2011,3,27,11,25,29,6140,1746,287,44
1,SU-10000,0023469553,2011,3,27,11,25,29,6150,1711,287,44
1,SU-10000,0023469553,2011,3,27,11,25,29,6160,1686,287,45
1,SU-10000,0023469553,2011,3,27,11,25,29,6170,1698,287,44
1,SU-10000,0023469553,2011,3,27,11,25,29,6180,1682,287,44
1,SU-10000,0023469553,2011,3,27,11,25,29,6190,1662,287,45
1,SU-10000,0023469553,2011,3,27,11,25,29,6200,1686,287,44
1,SU-10000,0023469553,2011,3,27,11,25,29,6210,1670,287,45
1,SU-10000,0023469553,2011,3,27,11,25,29,6220,1665,287,45
1,SU-10000,0023469553,2011,3,27,11,25,29,6230,1622,287,45
1,SU-10000,0023469553,2011,3,27,11,25,29,6240,1634,287,45
1,SU-10000,0023469553,2011,3,27,11,25,29,6250,1651,287,45
1,SU-10000,0023469553,2011,3,27,11,25,29,6260,1660,287,45
1,SU-10000,0023469553,2011,3,27,11,25,29,6270,1693,287,45
1,SU-10000,0023469553,2011,3,27,11,25,29,6280,1716,287,44
1,SU-10000,0023469553,2011,3,27,11,25,29,6290,1688,287,45
1,SU-10000,0023469553,2011,3,27,11,25,29,6300,1704,287,45
1,SU-10000,0023469553,2011,3,27,11,25,29,6310,1613,287,45
1,SU-10000,0023469553,2011,3,27,11,25,29,6320,1530,287,46
1,SU-10000,0023469553,2011,3,27,11,25,29,6330,1585,287,45
1,SU-10000,0023469553,2011,3,27,11,25,29,6340,1597,287,46
1,SU-10000,0023469553,2011,3,27,11,25,29,6350,1599,287,45
1,SU-10000,0023469553,2011,3,27,11,25,29,6360,1651,287,46
1,SU-10000,0023469553,2011,3,27,11,25,29,6370,1582,287,46
1,SU-10000,0023469553,2011,3,27,11,25,29,6380,1600,287,47
1,SU-10000,0023469553,2011,3,27,11,25,29,6390,1630,287,46
1,SU-10000,0023469553,2011,3,27,11,25,29,6400,1628,287,45
1,SU-10000,0023469553,2011,3,27,11,25,29,6410,1619,287,46
1,SU-10000,0023469553,2011,3,27,11,25,29,6420,1653,287,46
1,SU-10000,0023469553,2011,3,27,11,25,29,6430,1640,287,47
1,SU-10000,0023469553,2011,3,27,11,25,29,6440,1629,287,46
1,SU-10000,0023469553,2011,3,27,11,25,29,6450,1578,287,47
1,SU-10000,0023469553,2011,3,27,11,25,29,6460,1560,287,48
1,SU-10000,0023469553,2011,3,27,11,25,29,6470,1438,287,49
1,SU-10000,0023469553,2011,3,27,11,25,29,6480,1448,287,48
1,SU-10000,0023469553,2011,3,27,11,25,29,6490,1413,287,49
1,SU-10000,0023469553,2011,3,27,11,25,29,6500,1362,287,43
1,SU-10000,0023469553,2011,3,27,11,25,29,6510,1412,287,45
1,SU-10000,0023469553,2011,3,27,11,25,29,6520,1436,287,50
1,SU-10000,0023469553,2011,3,27,11,25,29,6530,1430,287,45
1,SU-10000,0023469553,2011,3,27,11,25,29,6540,1391,287,43
1,SU-10000,0023469553,2011,3,27,11,25,29,6550,1384,287,44
1,SU-10000,0023469553,2011,3,27,11,25,29,6560,1378,287,44
1,SU-10000,0023469553,2011,3,27,11,25,29,6570,1376,287,44
1,SU-10000,0023469553,2011,3,27,11,25,29,6580,1401,287,44
1,SU-10000,0023469553,2011,3,27,11,25,29,6590,1386,287,44
1,SU-10000,0023469553,2011,3,27,11,25,29,6600,1405,287,44
1,SU-10000,0023469553,2011,3,27,11,25,29,6610,1424,287,44
1,SU-10000,0023469553,2011,3,27,11,25,29,6620,1433,287,43
1,SU-10000,0023469553,2011,3,27,11,25,29,6630,1423,287,44
1,SU-10000,0023469553,2011,3,27,11,25,29,6640,1446,287,45
1,SU-10000,0023469553,2011,3,27,11,25,29,6650,1444,287,45
1,SU-10000,0023469553,2011,3,27,11,25,29,6660,1494,287,50
1,SU-10000,0023469553,2011,3,27,11,25,29,6670,1520,287,50
1,SU-10000,0023469553,2011,3,27,11,25,29,6680,1441,287,50
1,SU-10000,0023469553,2011,3,27,11,25,29,6690,1386,287,50
1,SU-10000,0023469553,2011,3,27,11,25,29,6700,1330,287,44
1,SU-10000,0023469553,2011,3,27,11,25,29,6710,1315,287,45
1,SU-10000,0023469553,2011,3,27,11,25,29,6720,1297,287,45
1,SU-10000,0023469553,2011,3,27,11,25,29,6730,1278,287,45
1,SU-10000,0023469553,2011,3,27,11,25,29,6740,1270,287,45
1,SU-10000,0023469553,2011,3,27,11,25,29,6750,1306,287,45
1,SU-10000,0023469553,2011,3,27,11,25,29,6760,1293,287,46
1,SU-10000,0023469553,2011,3,27,11,25,29,6770,1274,287,46
1,SU-10000,0023469553,2011,3,27,11,25,29,6780,1243,287,47
1,SU-10000,0023469553,2011,3,27,11,25,29,6790,1227,287,48
1,SU-10000,0023469553,2011,3,27,11,25,29,6800,1200,287,48
1,SU-10000,0023469553,2011,3,27,11,25,29,6810,1175,287,49
1,SU-10000,0023469553,2011,3,27,11,25,29,6820,1137,287,50
1,SU-10000,0023469553,2011,3,27,11,25,29,6830,1082,287,50
1,SU-10000,0023469553,2011,3,27,11,25,29,6840,1079,287,50
1,SU-10000,0023469553,2011,3,27,11,25,29,6850,1089,287,51
1,SU-10000,0023469553,2011,3,27,11,25,29,6860,1085,287,51
1,SU-10000,0023469553,2011,3,27,11,25,29,6870,1090,287,52
1,SU-10000,0023469553,2011,3,27,11,25,29,6880,1088,287,53
1,SU-10000,0023469553,2011,3,27,11,25,29,6890,1078,287,53
1,SU-10000,0023469553,2011,3,27,11,25,29,6900,1088,287,54
1,SU-10000,0023469553,2011,3,27,11,25,29,6910,1079,287,54
1,SU-10000,0023469553,2011,3,27,11,25,29,6920,1083,287,55
1,SU-10000,0023469553,2011,3,27,11,25,29,6930,1089,287,55
1,SU-10000,0023469553,2011,3,27,11,25,29,6940,1088,287,55
1,SU-10000,0023469553,2011,3,27,11,25,29,6950,1093,287,54
1,SU-10000,0023469553,2011,3,27,11,25,29,6960,1084,287,55
1,SU-10000,0023469553,2011,3,27,11,25,29,6970,1090,287,56
