﻿<?xml version="1.0" encoding="UTF-8"?>
<Divinglog DBVersion="4.1.0">
  <Header>
    <AppName>Diving Log 5.0</AppName>
    <AppVersion>5.0.8.0</AppVersion>
    <ExportDate>2013-02-26T04:06:14</ExportDate>
  </Header>
  <Logbook>
    <Dive ID="46" UUID="C5F1F1A3-D390-4D17-9A4F-D3DA39C1AF7F" Updated="2011-09-05T04:33:17">
      <Number>46</Number>
      <Divedate>2011-05-17</Divedate>
      <Entrytime>11:01</Entrytime>
      <Surfint>13:31</Surfint>
      <Country ID="" Name="USA" />
      <City ID="" Name="Hoodsport, WA" />
      <Place ID="" Name="Sund Rock">
        <Lat>
        </Lat>
        <Lon>
        </Lon>
      </Place>
      <Divetime>32.00</Divetime>
      <Depth>24.69</Depth>
      <Buddy IDs="" Names="Linus" />
      <Signature />
      <Comments>{\rtf1\ansi\deff0{\fonttbl{\f0\fnil\fcharset0 Microsoft Sans Serif;}}
\viewkind4\uc1\pard\lang1033\f0\fs17 Second deep dive\par
Linus and I planned and executed - Alex just watching\par
down to 80ft (overshot by one)\par
then the reverse sqeeze BS started again\par
So the rest of the dive is a loooong buoyancy exercise\par
Still, fun dive - but I skipped the next one and called it a day.\par
}
</Comments>
      <Water>Salt</Water>
      <Entry>Shore</Entry>
      <Divetype>
      </Divetype>
      <Tanktype>Steel</Tanktype>
      <Tanksize>11.66</Tanksize>
      <PresS>164.99</PresS>
      <PresE>69.02</PresE>
      <Gas>
      </Gas>
      <Weather>Sunny</Weather>
      <UWCurrent>
      </UWCurrent>
      <Surface>
      </Surface>
      <Visibility>Bad</Visibility>
      <Airtemp>14.00</Airtemp>
      <Watertemp>10.00</Watertemp>
      <Weight>16.37</Weight>
      <Deco>False</Deco>
      <Decostops>
      </Decostops>
      <Rep>False</Rep>
      <Altitude>
      </Altitude>
      <Divesuit>Drysuit</Divesuit>
      <Computer>Vyper</Computer>
      <ProfileInt>30</ProfileInt>
      <Profile>
        <P Time="30">
          <Depth>0.00</Depth>
          <Temp>57.2</Temp>
          <Warning>00000</Warning>
          <Press1>0.0</Press1>
          <Press2>0.0</Press2>
          <Press3>0.0</Press3>
          <RBT>0</RBT>
          <Heartrate>0</Heartrate>
        </P>
        <P Time="60">
          <Depth>2.74</Depth>
          <Temp>57.2</Temp>
          <Warning>00000</Warning>
          <Press1>0.0</Press1>
          <Press2>0.0</Press2>
          <Press3>0.0</Press3>
          <RBT>0</RBT>
          <Heartrate>0</Heartrate>
        </P>
        <P Time="90">
          <Depth>4.88</Depth>
          <Temp>57.2</Temp>
          <Warning>00000</Warning>
          <Press1>0.0</Press1>
          <Press2>0.0</Press2>
          <Press3>0.0</Press3>
          <RBT>0</RBT>
          <Heartrate>0</Heartrate>
        </P>
        <P Time="120">
          <Depth>8.53</Depth>
          <Temp>57.2</Temp>
          <Warning>00000</Warning>
          <Press1>0.0</Press1>
          <Press2>0.0</Press2>
          <Press3>0.0</Press3>
          <RBT>0</RBT>
          <Heartrate>0</Heartrate>
        </P>
        <P Time="150">
          <Depth>12.19</Depth>
          <Temp>57.2</Temp>
          <Warning>00000</Warning>
          <Press1>0.0</Press1>
          <Press2>0.0</Press2>
          <Press3>0.0</Press3>
          <RBT>0</RBT>
          <Heartrate>0</Heartrate>
        </P>
        <P Time="180">
          <Depth>14.02</Depth>
          <Temp>57.2</Temp>
          <Warning>00000</Warning>
          <Press1>0.0</Press1>
          <Press2>0.0</Press2>
          <Press3>0.0</Press3>
          <RBT>0</RBT>
          <Heartrate>0</Heartrate>
        </P>
        <P Time="210">
          <Depth>16.76</Depth>
          <Temp>57.2</Temp>
          <Warning>00000</Warning>
          <Press1>0.0</Press1>
          <Press2>0.0</Press2>
          <Press3>0.0</Press3>
          <RBT>0</RBT>
          <Heartrate>0</Heartrate>
        </P>
        <P Time="240">
          <Depth>19.51</Depth>
          <Temp>57.2</Temp>
          <Warning>00000</Warning>
          <Press1>0.0</Press1>
          <Press2>0.0</Press2>
          <Press3>0.0</Press3>
          <RBT>0</RBT>
          <Heartrate>0</Heartrate>
        </P>
        <P Time="270">
          <Depth>22.86</Depth>
          <Temp>57.2</Temp>
          <Warning>00000</Warning>
          <Press1>0.0</Press1>
          <Press2>0.0</Press2>
          <Press3>0.0</Press3>
          <RBT>0</RBT>
          <Heartrate>0</Heartrate>
        </P>
        <P Time="300">
          <Depth>24.69</Depth>
          <Temp>50.0</Temp>
          <Warning>00000</Warning>
          <Press1>0.0</Press1>
          <Press2>0.0</Press2>
          <Press3>0.0</Press3>
          <RBT>0</RBT>
          <Heartrate>0</Heartrate>
        </P>
        <P Time="330">
          <Depth>23.77</Depth>
          <Temp>50.0</Temp>
          <Warning>00000</Warning>
          <Press1>0.0</Press1>
          <Press2>0.0</Press2>
          <Press3>0.0</Press3>
          <RBT>0</RBT>
          <Heartrate>0</Heartrate>
        </P>
        <P Time="360">
          <Depth>23.16</Depth>
          <Temp>50.0</Temp>
          <Warning>00000</Warning>
          <Press1>0.0</Press1>
          <Press2>0.0</Press2>
          <Press3>0.0</Press3>
          <RBT>0</RBT>
          <Heartrate>0</Heartrate>
        </P>
        <P Time="390">
          <Depth>23.47</Depth>
          <Temp>50.0</Temp>
          <Warning>00000</Warning>
          <Press1>0.0</Press1>
          <Press2>0.0</Press2>
          <Press3>0.0</Press3>
          <RBT>0</RBT>
          <Heartrate>0</Heartrate>
        </P>
        <P Time="420">
          <Depth>22.25</Depth>
          <Temp>50.0</Temp>
          <Warning>00000</Warning>
          <Press1>0.0</Press1>
          <Press2>0.0</Press2>
          <Press3>0.0</Press3>
          <RBT>0</RBT>
          <Heartrate>0</Heartrate>
        </P>
        <P Time="450">
          <Depth>21.64</Depth>
          <Temp>50.0</Temp>
          <Warning>00000</Warning>
          <Press1>0.0</Press1>
          <Press2>0.0</Press2>
          <Press3>0.0</Press3>
          <RBT>0</RBT>
          <Heartrate>0</Heartrate>
        </P>
        <P Time="480">
          <Depth>21.95</Depth>
          <Temp>50.0</Temp>
          <Warning>00000</Warning>
          <Press1>0.0</Press1>
          <Press2>0.0</Press2>
          <Press3>0.0</Press3>
          <RBT>0</RBT>
          <Heartrate>0</Heartrate>
        </P>
        <P Time="510">
          <Depth>21.03</Depth>
          <Temp>50.0</Temp>
          <Warning>00000</Warning>
          <Press1>0.0</Press1>
          <Press2>0.0</Press2>
          <Press3>0.0</Press3>
          <RBT>0</RBT>
          <Heartrate>0</Heartrate>
        </P>
        <P Time="540">
          <Depth>21.03</Depth>
          <Temp>50.0</Temp>
          <Warning>00000</Warning>
          <Press1>0.0</Press1>
          <Press2>0.0</Press2>
          <Press3>0.0</Press3>
          <RBT>0</RBT>
          <Heartrate>0</Heartrate>
        </P>
        <P Time="570">
          <Depth>18.90</Depth>
          <Temp>50.0</Temp>
          <Warning>00000</Warning>
          <Press1>0.0</Press1>
          <Press2>0.0</Press2>
          <Press3>0.0</Press3>
          <RBT>0</RBT>
          <Heartrate>0</Heartrate>
        </P>
        <P Time="600">
          <Depth>17.98</Depth>
          <Temp>50.0</Temp>
          <Warning>00000</Warning>
          <Press1>0.0</Press1>
          <Press2>0.0</Press2>
          <Press3>0.0</Press3>
          <RBT>0</RBT>
          <Heartrate>0</Heartrate>
        </P>
        <P Time="630">
          <Depth>17.07</Depth>
          <Temp>50.0</Temp>
          <Warning>00000</Warning>
          <Press1>0.0</Press1>
          <Press2>0.0</Press2>
          <Press3>0.0</Press3>
          <RBT>0</RBT>
          <Heartrate>0</Heartrate>
        </P>
        <P Time="660">
          <Depth>16.46</Depth>
          <Temp>50.0</Temp>
          <Warning>00000</Warning>
          <Press1>0.0</Press1>
          <Press2>0.0</Press2>
          <Press3>0.0</Press3>
          <RBT>0</RBT>
          <Heartrate>0</Heartrate>
        </P>
        <P Time="690">
          <Depth>15.85</Depth>
          <Temp>50.0</Temp>
          <Warning>00000</Warning>
          <Press1>0.0</Press1>
          <Press2>0.0</Press2>
          <Press3>0.0</Press3>
          <RBT>0</RBT>
          <Heartrate>0</Heartrate>
        </P>
        <P Time="720">
          <Depth>15.54</Depth>
          <Temp>50.0</Temp>
          <Warning>00000</Warning>
          <Press1>0.0</Press1>
          <Press2>0.0</Press2>
          <Press3>0.0</Press3>
          <RBT>0</RBT>
          <Heartrate>0</Heartrate>
        </P>
        <P Time="750">
          <Depth>14.63</Depth>
          <Temp>50.0</Temp>
          <Warning>00000</Warning>
          <Press1>0.0</Press1>
          <Press2>0.0</Press2>
          <Press3>0.0</Press3>
          <RBT>0</RBT>
          <Heartrate>0</Heartrate>
        </P>
        <P Time="780">
          <Depth>13.72</Depth>
          <Temp>50.0</Temp>
          <Warning>00000</Warning>
          <Press1>0.0</Press1>
          <Press2>0.0</Press2>
          <Press3>0.0</Press3>
          <RBT>0</RBT>
          <Heartrate>0</Heartrate>
        </P>
        <P Time="810">
          <Depth>12.50</Depth>
          <Temp>50.0</Temp>
          <Warning>00000</Warning>
          <Press1>0.0</Press1>
          <Press2>0.0</Press2>
          <Press3>0.0</Press3>
          <RBT>0</RBT>
          <Heartrate>0</Heartrate>
        </P>
        <P Time="840">
          <Depth>11.89</Depth>
          <Temp>50.0</Temp>
          <Warning>00000</Warning>
          <Press1>0.0</Press1>
          <Press2>0.0</Press2>
          <Press3>0.0</Press3>
          <RBT>0</RBT>
          <Heartrate>0</Heartrate>
        </P>
        <P Time="870">
          <Depth>11.58</Depth>
          <Temp>50.0</Temp>
          <Warning>00000</Warning>
          <Press1>0.0</Press1>
          <Press2>0.0</Press2>
          <Press3>0.0</Press3>
          <RBT>0</RBT>
          <Heartrate>0</Heartrate>
        </P>
        <P Time="900">
          <Depth>11.58</Depth>
          <Temp>50.0</Temp>
          <Warning>00000</Warning>
          <Press1>0.0</Press1>
          <Press2>0.0</Press2>
          <Press3>0.0</Press3>
          <RBT>0</RBT>
          <Heartrate>0</Heartrate>
        </P>
        <P Time="930">
          <Depth>11.89</Depth>
          <Temp>50.0</Temp>
          <Warning>00000</Warning>
          <Press1>0.0</Press1>
          <Press2>0.0</Press2>
          <Press3>0.0</Press3>
          <RBT>0</RBT>
          <Heartrate>0</Heartrate>
        </P>
        <P Time="960">
          <Depth>11.28</Depth>
          <Temp>50.0</Temp>
          <Warning>00000</Warning>
          <Press1>0.0</Press1>
          <Press2>0.0</Press2>
          <Press3>0.0</Press3>
          <RBT>0</RBT>
          <Heartrate>0</Heartrate>
        </P>
        <P Time="990">
          <Depth>11.28</Depth>
          <Temp>50.0</Temp>
          <Warning>00000</Warning>
          <Press1>0.0</Press1>
          <Press2>0.0</Press2>
          <Press3>0.0</Press3>
          <RBT>0</RBT>
          <Heartrate>0</Heartrate>
        </P>
        <P Time="1020">
          <Depth>11.89</Depth>
          <Temp>50.0</Temp>
          <Warning>00000</Warning>
          <Press1>0.0</Press1>
          <Press2>0.0</Press2>
          <Press3>0.0</Press3>
          <RBT>0</RBT>
          <Heartrate>0</Heartrate>
        </P>
        <P Time="1050">
          <Depth>11.89</Depth>
          <Temp>50.0</Temp>
          <Warning>00000</Warning>
          <Press1>0.0</Press1>
          <Press2>0.0</Press2>
          <Press3>0.0</Press3>
          <RBT>0</RBT>
          <Heartrate>0</Heartrate>
        </P>
        <P Time="1080">
          <Depth>11.58</Depth>
          <Temp>50.0</Temp>
          <Warning>00000</Warning>
          <Press1>0.0</Press1>
          <Press2>0.0</Press2>
          <Press3>0.0</Press3>
          <RBT>0</RBT>
          <Heartrate>0</Heartrate>
        </P>
        <P Time="1110">
          <Depth>10.36</Depth>
          <Temp>50.0</Temp>
          <Warning>00000</Warning>
          <Press1>0.0</Press1>
          <Press2>0.0</Press2>
          <Press3>0.0</Press3>
          <RBT>0</RBT>
          <Heartrate>0</Heartrate>
        </P>
        <P Time="1140">
          <Depth>10.67</Depth>
          <Temp>50.0</Temp>
          <Warning>00000</Warning>
          <Press1>0.0</Press1>
          <Press2>0.0</Press2>
          <Press3>0.0</Press3>
          <RBT>0</RBT>
          <Heartrate>0</Heartrate>
        </P>
        <P Time="1170">
          <Depth>10.67</Depth>
          <Temp>50.0</Temp>
          <Warning>00000</Warning>
          <Press1>0.0</Press1>
          <Press2>0.0</Press2>
          <Press3>0.0</Press3>
          <RBT>0</RBT>
          <Heartrate>0</Heartrate>
        </P>
        <P Time="1200">
          <Depth>11.28</Depth>
          <Temp>50.0</Temp>
          <Warning>00000</Warning>
          <Press1>0.0</Press1>
          <Press2>0.0</Press2>
          <Press3>0.0</Press3>
          <RBT>0</RBT>
          <Heartrate>0</Heartrate>
        </P>
        <P Time="1230">
          <Depth>11.28</Depth>
          <Temp>50.0</Temp>
          <Warning>00000</Warning>
          <Press1>0.0</Press1>
          <Press2>0.0</Press2>
          <Press3>0.0</Press3>
          <RBT>0</RBT>
          <Heartrate>0</Heartrate>
        </P>
        <P Time="1260">
          <Depth>10.67</Depth>
          <Temp>50.0</Temp>
          <Warning>00000</Warning>
          <Press1>0.0</Press1>
          <Press2>0.0</Press2>
          <Press3>0.0</Press3>
          <RBT>0</RBT>
          <Heartrate>0</Heartrate>
        </P>
        <P Time="1290">
          <Depth>11.28</Depth>
          <Temp>50.0</Temp>
          <Warning>00000</Warning>
          <Press1>0.0</Press1>
          <Press2>0.0</Press2>
          <Press3>0.0</Press3>
          <RBT>0</RBT>
          <Heartrate>0</Heartrate>
        </P>
        <P Time="1320">
          <Depth>11.28</Depth>
          <Temp>50.0</Temp>
          <Warning>00000</Warning>
          <Press1>0.0</Press1>
          <Press2>0.0</Press2>
          <Press3>0.0</Press3>
          <RBT>0</RBT>
          <Heartrate>0</Heartrate>
        </P>
        <P Time="1350">
          <Depth>10.97</Depth>
          <Temp>50.0</Temp>
          <Warning>00000</Warning>
          <Press1>0.0</Press1>
          <Press2>0.0</Press2>
          <Press3>0.0</Press3>
          <RBT>0</RBT>
          <Heartrate>0</Heartrate>
        </P>
        <P Time="1380">
          <Depth>9.75</Depth>
          <Temp>50.0</Temp>
          <Warning>00000</Warning>
          <Press1>0.0</Press1>
          <Press2>0.0</Press2>
          <Press3>0.0</Press3>
          <RBT>0</RBT>
          <Heartrate>0</Heartrate>
        </P>
        <P Time="1410">
          <Depth>8.84</Depth>
          <Temp>50.0</Temp>
          <Warning>00000</Warning>
          <Press1>0.0</Press1>
          <Press2>0.0</Press2>
          <Press3>0.0</Press3>
          <RBT>0</RBT>
          <Heartrate>0</Heartrate>
        </P>
        <P Time="1440">
          <Depth>7.92</Depth>
          <Temp>50.0</Temp>
          <Warning>00000</Warning>
          <Press1>0.0</Press1>
          <Press2>0.0</Press2>
          <Press3>0.0</Press3>
          <RBT>0</RBT>
          <Heartrate>0</Heartrate>
        </P>
        <P Time="1470">
          <Depth>8.23</Depth>
          <Temp>50.0</Temp>
          <Warning>00000</Warning>
          <Press1>0.0</Press1>
          <Press2>0.0</Press2>
          <Press3>0.0</Press3>
          <RBT>0</RBT>
          <Heartrate>0</Heartrate>
        </P>
        <P Time="1500">
          <Depth>7.01</Depth>
          <Temp>50.0</Temp>
          <Warning>00000</Warning>
          <Press1>0.0</Press1>
          <Press2>0.0</Press2>
          <Press3>0.0</Press3>
          <RBT>0</RBT>
          <Heartrate>0</Heartrate>
        </P>
        <P Time="1530">
          <Depth>5.79</Depth>
          <Temp>50.0</Temp>
          <Warning>00000</Warning>
          <Press1>0.0</Press1>
          <Press2>0.0</Press2>
          <Press3>0.0</Press3>
          <RBT>0</RBT>
          <Heartrate>0</Heartrate>
        </P>
        <P Time="1560">
          <Depth>6.10</Depth>
          <Temp>50.0</Temp>
          <Warning>00000</Warning>
          <Press1>0.0</Press1>
          <Press2>0.0</Press2>
          <Press3>0.0</Press3>
          <RBT>0</RBT>
          <Heartrate>0</Heartrate>
        </P>
        <P Time="1590">
          <Depth>5.49</Depth>
          <Temp>50.0</Temp>
          <Warning>00000</Warning>
          <Press1>0.0</Press1>
          <Press2>0.0</Press2>
          <Press3>0.0</Press3>
          <RBT>0</RBT>
          <Heartrate>0</Heartrate>
        </P>
        <P Time="1620">
          <Depth>5.79</Depth>
          <Temp>50.0</Temp>
          <Warning>00000</Warning>
          <Press1>0.0</Press1>
          <Press2>0.0</Press2>
          <Press3>0.0</Press3>
          <RBT>0</RBT>
          <Heartrate>0</Heartrate>
        </P>
        <P Time="1650">
          <Depth>3.96</Depth>
          <Temp>50.0</Temp>
          <Warning>00000</Warning>
          <Press1>0.0</Press1>
          <Press2>0.0</Press2>
          <Press3>0.0</Press3>
          <RBT>0</RBT>
          <Heartrate>0</Heartrate>
        </P>
        <P Time="1680">
          <Depth>5.18</Depth>
          <Temp>50.0</Temp>
          <Warning>00000</Warning>
          <Press1>0.0</Press1>
          <Press2>0.0</Press2>
          <Press3>0.0</Press3>
          <RBT>0</RBT>
          <Heartrate>0</Heartrate>
        </P>
        <P Time="1710">
          <Depth>5.18</Depth>
          <Temp>50.0</Temp>
          <Warning>00000</Warning>
          <Press1>0.0</Press1>
          <Press2>0.0</Press2>
          <Press3>0.0</Press3>
          <RBT>0</RBT>
          <Heartrate>0</Heartrate>
        </P>
        <P Time="1740">
          <Depth>5.49</Depth>
          <Temp>50.0</Temp>
          <Warning>00000</Warning>
          <Press1>0.0</Press1>
          <Press2>0.0</Press2>
          <Press3>0.0</Press3>
          <RBT>0</RBT>
          <Heartrate>0</Heartrate>
        </P>
        <P Time="1770">
          <Depth>5.18</Depth>
          <Temp>50.0</Temp>
          <Warning>00000</Warning>
          <Press1>0.0</Press1>
          <Press2>0.0</Press2>
          <Press3>0.0</Press3>
          <RBT>0</RBT>
          <Heartrate>0</Heartrate>
        </P>
        <P Time="1800">
          <Depth>5.18</Depth>
          <Temp>50.0</Temp>
          <Warning>00000</Warning>
          <Press1>0.0</Press1>
          <Press2>0.0</Press2>
          <Press3>0.0</Press3>
          <RBT>0</RBT>
          <Heartrate>0</Heartrate>
        </P>
        <P Time="1830">
          <Depth>3.96</Depth>
          <Temp>50.0</Temp>
          <Warning>00000</Warning>
          <Press1>0.0</Press1>
          <Press2>0.0</Press2>
          <Press3>0.0</Press3>
          <RBT>0</RBT>
          <Heartrate>0</Heartrate>
        </P>
        <P Time="1860">
          <Depth>3.35</Depth>
          <Temp>50.0</Temp>
          <Warning>00000</Warning>
          <Press1>0.0</Press1>
          <Press2>0.0</Press2>
          <Press3>0.0</Press3>
          <RBT>0</RBT>
          <Heartrate>0</Heartrate>
        </P>
        <P Time="1890">
          <Depth>2.44</Depth>
          <Temp>50.0</Temp>
          <Warning>00000</Warning>
          <Press1>0.0</Press1>
          <Press2>0.0</Press2>
          <Press3>0.0</Press3>
          <RBT>0</RBT>
          <Heartrate>0</Heartrate>
        </P>
        <P Time="1920">
          <Depth>2.13</Depth>
          <Temp>50.0</Temp>
          <Warning>00000</Warning>
          <Press1>0.0</Press1>
          <Press2>0.0</Press2>
          <Press3>0.0</Press3>
          <RBT>0</RBT>
          <Heartrate>0</Heartrate>
        </P>
        <P Time="1950">
          <Depth>0.00</Depth>
          <Temp>50.0</Temp>
          <Warning>00000</Warning>
          <Press1>0.0</Press1>
          <Press2>0.0</Press2>
          <Press3>0.0</Press3>
          <RBT>0</RBT>
          <Heartrate>0</Heartrate>
        </P>
      </Profile>
      <UsedEquip>
      </UsedEquip>
      <PresW>182.02</PresW>
      <DepthAvg>11.65</DepthAvg>
      <Profile4 />
      <Profile5 />
      <RepNumber />
      <VisHor>15-20ft</VisHor>
      <VisVer>
      </VisVer>
      <CNS>
      </CNS>
      <PGStart>
      </PGStart>
      <PGEnd>
      </PGEnd>
      <Divemaster>Alex</Divemaster>
      <Boat>
      </Boat>
      <Rating>0</Rating>
      <O2>32.00</O2>
      <He />
      <DblTank>False</DblTank>
      <SupplyType />
      <MinPPO2 />
      <MaxPPO2>0.00</MaxPPO2>
      <ShopID />
      <TripID />
    </Dive>
  </Logbook>
</Divinglog>